Symbol,Last Earnings Date,Next Earnings Date,Last_Date,Next_Date
JPM,,2025-10-14,,
TLRY,2025-07-28,2025-10-08,,
BLK,,2025-10-06,,
LEVI,,2025-09-30,,
WBA,,2025-10-13,,
DAL,,2025-10-08,,
PLAY,,2025-09-08,,
STZ,,2025-10-01,,
WFC,,2025-10-14,,
KMX,,2025-09-25,,
BK,,2025-10-16,,
MS,,2025-10-15,,
CALM,,2025-09-29,,
MAMA,,2025-09-08,,
GBX,,2025-10-21,,
AEHR,,2025-10-08,,
RPM,,2025-09-30,,
BYRN,,2025-10-07,,
SMPL,,2025-10-22,,
LAKE,,2025-09-09,,
WDFC,,2025-10-15,,
KRUS,,2025-11-04,,
LOVE,,2025-09-11,,
FAST,,2025-10-13,,
NEOG,2025-07-29,2025-10-08,,
PSMT,,2025-10-28,,
RELL,,2025-10-07,,
BSVN,,2025-10-09,,
NTIC,,2025-11-17,,
THTX,,2025-10-08,,
TBBB,2025-08-11,2025-11-22,,
KRMNNFLX,,,,
TSM,,2025-10-15,,
UAL,,2025-10-13,,
APLD,2025-07-30,2025-10-07,,
GS,,2025-10-14,,
BAC,,2025-10-15,,
UNH,2025-07-29,2025-10-13,,
C,,2025-10-14,,
ASML,,2025-10-15,,
AA,,2025-10-16,,
HBAN,,2025-10-17,,
JNJ,,2025-10-14,,
USB,,2025-10-16,,
ABT,,2025-10-14,,
AXP,,2025-10-16,,
IBKR,,2025-10-13,,
PNC,,2025-10-15,,
RF,,2025-10-17,,
MTB,,2025-10-16,,
PGR,,2025-11-03,,
JBHT,,2025-10-13,,
TRV,,2025-10-15,,
OZK,,2025-10-15,,
ACI,,,,
TCBI,,2025-10-15,,
DHI,,2025-10-27,,
CSX,,2025-10-14,,
HWC,,2025-10-13,,
KMI,,2025-10-14,,
HOMB,,,,
ALLY,,,,
TFC,,,,
HOFT,,,,
ERIC,,,,
FITB,,,,
PLD,,,,
FBK,,,,
KEY,,,,
SLG,,,,
MMC,,,,
FR,,,,
FNB,,,,
INFY,,,,
REXR,,,,
EQBK,,,,
SCHW,,,,
RENT,,,,
BX,,,,
MOV,,,,
BANRTSLA,,,,
INTC,,,,
GOOGL,,,,
ORLY,,,,
VZ,,,,
ALK,,,,
CLS,,,,
BA,,,,
AAL,,,,
FCX,,,,
NOK,,,,
IBM,,,,
SLB,,,,
NOW,,,,
T,,,,
VRT,,,,
CMG,,,,
GE,,,,
CCS,,,,
ABBV,,,,
NEM,,,,
LUV,,,,
ISRG,,,,
LMT,,,,
LRCX,,,,
APH,,,,
ENPH,,,,
TXN,,,,
TMUS,,,,
RTX,,,,
SAP,,,,
NEE,,,,
LVS,,,,
HLX,,,,
DHR,,,,
COF,,,,
AEM,,,,
BYD,,,,
WRB,,,,
VALE,,,,
CHKP,2025-07-30,2025-10-27,,
AGNC,,2025-10-20,,
AZZ,,2025-10-07,,
DOC,,2025-10-22,,
GEV,,2025-10-21,,
DGX,,2025-10-20,,
KNXMSFT,,,,
META,2025-07-30,2025-10-28,,
AMZN,2025-07-31,2025-10-29,,
AAPL,2025-07-31,2025-10-29,,
SOFI,2025-07-29,2025-10-27,,
PYPL,2025-07-29,2025-10-27,,
HOOD,2025-07-30,2025-10-28,,
RIOT,2025-07-31,2025-10-28,,
DPZ,,2025-10-08,,
LLY,2025-08-07,2025-10-30,,
HUM,2025-07-30,2025-11-05,,
FUBO,2025-08-08,2025-10-30,,
V,2025-07-29,2025-10-27,,
WM,2025-07-28,2025-10-27,,
KO,,2025-10-21,,
JBLU,2025-07-29,2025-10-27,,
SBUX,2025-07-29,2025-10-27,,
UPS,2025-07-29,2025-10-22,,
PFE,2025-08-05,2025-10-27,,
RCL,2025-07-29,2025-10-27,,
XOM,2025-08-01,2025-10-30,,
SNAP,2025-08-05,2025-10-27,,
QCOM,2025-07-30,2025-11-04,,
SPOT,2025-07-29,2025-11-12,,
RBLX,2025-07-31,2025-10-29,,
NXPI,,2025-10-27,,
MGM,2025-07-30,2025-10-28,,
FFIV,2025-07-30,2025-10-27,,
ABNB,2025-08-06,2025-11-05,,
RDDT,2025-07-31,2025-10-27,,
GRBK,2025-07-30,2025-10-28,,
CAT,2025-08-05,2025-10-28,,
FOUR,2025-08-05,2025-11-10,,
TER,2025-07-29,2025-10-21,,
BBAI,2025-08-11,2025-11-03,,
ALB,2025-07-30,2025-11-04,,
CVS,2025-07-31,2025-11-04,,
OPRA,2025-08-19,2025-10-27,,
VMC,2025-07-31,2025-10-28,,
FSLR,2025-07-31,2025-10-27,,
MA,2025-07-31,2025-10-29,,
SIRI,2025-07-31,2025-10-29,,
MO,2025-07-30,2025-10-30,,
TEAM,2025-08-07,2025-10-31,,
NUE,2025-07-28,2025-10-20,,
NLY,,2025-10-21,,
ROP,,2025-10-21,,
AIG,2025-08-06,2025-11-03,,
AJG,2025-07-31,2025-10-22,,
RIGPLTR,,,,
AMD,2025-08-05,2025-10-27,,
SMCI,2025-08-05,2025-11-03,,
HIMS,2025-08-04,2025-11-03,,
APP,2025-08-06,2025-11-04,,
CELH,2025-08-07,2025-11-04,,
UBER,2025-08-06,2025-10-29,,
TTD,2025-08-07,2025-11-05,,
CVNA,2025-07-30,2025-10-28,,
COIN,2025-07-31,2025-10-28,,
F,2025-07-30,2025-10-27,,
DIS,2025-08-06,2025-11-12,,
MARA,2025-07-29,2025-11-10,,
PTON,2025-08-07,2025-10-29,,
MELI,2025-08-04,2025-10-29,,
NET,2025-07-31,2025-11-05,,
RIVN,2025-08-05,2025-11-05,,
TGTX,2025-08-04,2025-11-03,,
TEM,2025-08-08,2025-11-03,,
SOUN,2025-08-07,2025-11-10,,
NVO,2025-08-06,2025-11-05,,
ARM,2025-07-30,2025-11-07,,
ANET,2025-08-05,2025-11-05,,
DDOG,2025-08-07,2025-11-05,,
ET,2025-08-06,2025-11-04,,
UPST,2025-08-05,2025-11-05,,
CLF,,2025-11-03,,
ALAB,2025-08-05,2025-11-03,,
SHOP,2025-08-06,2025-11-10,,
AXON,2025-08-04,2025-11-05,,
DKNG,2025-08-06,2025-11-05,,
BRK.B,2025-08-02,2025-10-31,,
DASH,2025-08-06,2025-10-28,,
WYNN,2025-08-07,2025-11-03,,
AFRM,,2025-08-28,,
WULF,2025-08-08,2025-11-10,,
COP,2025-08-07,2025-10-29,,
HUT,,,,
WOLF,2025-08-26,2025-11-04,,
QBTS,2025-08-07,2025-11-12,,
INOD,2025-07-31,2025-11-05,,
O,2025-08-06,2025-11-03,,
DIBS,2025-08-06,2025-11-08,,
LCID,2025-08-05,2025-11-05,,
BROS,2025-08-06,2025-11-04,,
CRON,2025-08-07,2025-11-10,,
BILL,,2025-08-27,,
FLWS,,2025-09-04,,
ON,2025-08-04,2025-10-27,,
VSTRGTI,,,,
BABA,,2025-08-29,,
WMT,2025-08-21,2025-11-20,,
AMAT,2025-08-14,2025-11-12,,
CSCO,2025-08-13,2025-11-11,,
PLUG,2025-08-11,2025-11-10,,
ASTS,2025-08-11,2025-11-12,,
MNDY,2025-08-11,2025-11-10,,
JD,2025-08-14,2025-11-12,,
ACHR,2025-08-11,2025-11-05,,
KRMN,2025-08-07,,,
PNNT,2025-08-11,2025-11-24,,
IREN,,2025-08-28,,
NU,2025-08-14,2025-11-10,,
OKLO,2025-08-11,2025-11-12,,
CRWV,2025-08-12,,,
CAVA,,,,
GRAL,2025-08-12,2025-11-11,,
HTZ,2025-08-07,2025-11-10,,
BLNK,2025-08-18,2025-11-05,,
SE,2025-08-12,2025-11-10,,
SRAD,2025-08-05,,,
SMR,2025-08-07,2025-11-05,,
TMC,2025-08-14,2025-11-12,,
RMTI,2025-08-14,2025-11-10,,
PBR,2025-08-06,2025-11-06,,
MVST,2025-08-11,2025-11-10,,
NRG,2025-08-06,2025-11-06,,
GEVO,2025-08-11,2025-11-05,,
CYBR,2025-07-30,2025-11-11,,
DOCS,2025-08-07,2025-11-05,,
TTWO,2025-08-07,2025-11-04,,
SURG,2025-08-13,2025-11-10,,
EXEL,2025-07-28,2025-10-27,,
FOXA,2025-08-05,2025-11-03,,
BSEM,2025-08-14,2025-11-10,,
GAMB,2025-08-14,2025-11-14,,
HMC,2025-08-06,2025-11-04,,
NXT,2025-07-29,2025-10-28,,
MRX,2025-08-13,2025-11-05,,
LUNR,2025-08-07,,,
LAZR,2025-08-12,2025-11-10,,
CHGG,2025-08-05,2025-11-10,,
CSWC,2025-08-06,2025-10-27,,
CTMX,2025-08-07,2025-11-05,,
SPCE,2025-08-06,2025-11-04,,
SPRY,2025-08-13,2025-11-11,,
SDRL,2025-08-06,2025-11-05,,
DE,2025-08-14,2025-11-19,,
ZKPANW,,,,
SNOW,,2025-08-27,,
DECK,,2025-10-22,,
PONY,2025-08-12,,,
HD,2025-08-19,2025-11-18,,
ZIM,2025-08-20,2025-11-10,,
BIDU,2025-08-20,2025-11-19,,
TGT,2025-08-19,2025-11-18,,
TJX,2025-08-20,2025-11-19,,
ADI,2025-08-20,2025-11-24,,
TCOM,,2025-08-27,,
VFC,2025-07-30,2025-10-27,,
ADSK,,2025-08-28,,
BJ,2025-08-22,2025-11-19,,
INTU,2025-08-21,2025-11-19,,
ROST,2025-08-20,2025-11-19,,
WDAY,2025-08-21,2025-11-24,,
ZM,2025-08-21,2025-11-24,,
AAP,2025-08-14,2025-11-12,,
EGHT,2025-08-05,2025-11-03,,
GILT,2025-08-06,2025-11-11,,
AGYS,,2025-10-27,,
AMSC,2025-07-30,,,
BILI,2025-08-21,2025-11-03,,
OXLC,,2025-10-30,,
CPRT,,2025-09-03,,
DOMO,,2025-08-28,,
URBN,,2025-08-27,,
MOD,2025-07-30,2025-10-27,,
VIK,2025-08-19,,,
TUYA,2025-08-26,2025-11-17,,
WIX,2025-08-06,2025-11-18,,
SVM,2025-08-07,2025-11-05,,
TRNS,2025-08-06,2025-10-27,,
QFIN,2025-08-14,2025-11-17,,
LSPD,2025-07-31,2025-11-05,,
CBAT,2025-08-18,2025-11-10,,
CGEN,2025-08-06,2025-11-10,,
ARBE,2025-08-07,2025-11-25,,
AS,2025-08-19,2025-11-10,,
BAH,,2025-10-23,,
GDS,2025-08-20,2025-11-17,,
MDT,2025-08-19,2025-11-18,,
TOL,2025-08-19,,,
DY,2025-08-20,2025-11-18,,
XP,2025-08-18,,,
XPEV,2025-08-19,2025-11-17,,
YMM,2025-08-21,2025-11-18,,
TD,,2025-08-28,,
KEYSNVDA,,,,
MRVL,,2025-08-28,,
CRM,,2025-09-03,,
COST,,2025-09-25,,
AI,,2025-09-03,,
ELF,2025-08-06,2025-11-04,,
OKTA,2025-08-26,2025-12-01,,
DELL,,2025-08-28,,
DKS,,2025-09-02,,
ESTC,,2025-08-28,,
PDD,2025-08-25,2025-11-19,,
FL,2025-08-26,2025-12-02,,
SKY,2025-08-05,2025-10-27,,
BOX,2025-08-26,2025-12-02,,
NTNX,,2025-08-27,,
AZO,,2025-09-23,,
HSAI,2025-08-14,2025-11-24,,
ZS,,2025-09-02,,
CGC,2025-08-08,2025-11-06,,
EH,2025-08-20,2025-11-17,,
S,,2025-08-28,,
VEEV,,2025-08-27,,
GAP,,2025-08-27,,
API,2025-08-18,2025-11-24,,
SUPV,2025-08-13,2025-11-24,,
BNS,2025-08-26,2025-12-02,,
AEO,,2025-08-27,,
A,,2025-08-27,,
ULTA,,2025-08-27,,
ANF,,2025-08-27,,
AMBA,,2025-08-28,,
SMTC,2025-08-25,2025-11-24,,
SQM,2025-08-20,2025-11-19,,
PSTG,,2025-08-27,,
M,2025-08-19,,,
BBY,,2025-08-28,,
SCVL,,2025-09-03,,
SNPS,,2025-09-09,,
CMCO,2025-07-30,2025-10-28,,
KC,,,,
HPQ,,2025-08-27,,
CAL,,2025-09-10,,
HRL,,2025-08-28,,
GLNG,2025-08-14,2025-11-10,,
PHR,,2025-09-04,,
NTAP,,2025-08-27,,
PATH,,2025-09-04,,
UHAL,2025-08-06,2025-11-04,,
BLRX,2025-08-14,2025-11-27,,
NCNOAVGO,,,,
CRWD,,2025-08-27,,
CRDO,,2025-09-03,,
MDB,2025-08-26,,,
DG,,2025-08-28,,
NIO,,2025-09-02,,
DOCU,,2025-09-04,,
CPB,,2025-09-03,,
SIG,,2025-09-02,,
LULU,,2025-08-27,,
PVH,2025-08-25,2025-12-02,,
CIEN,,2025-09-04,,
FIVE,2025-08-26,2025-12-02,,
CBRL,,2025-09-17,,
RBRK,,2025-09-09,,
SAIC,,2025-09-04,,
PL,,2025-09-08,,
OLLI,,2025-08-27,,
GIII,,2025-09-04,,
HPE,,2025-09-03,,
IOT,,2025-09-04,,
TTAN,,2025-09-04,,
CHPT,,2025-09-03,,
DLTR,,2025-09-02,,
CURV,,2025-09-02,,
ABVX,,2025-09-08,,
VRNT,,2025-09-03,,
WOOF,,2025-08-28,,
ZUMZ,,2025-09-03,,
LE,,2025-09-03,,
FERG,,2025-09-16,,
REVG,,2025-09-03,,
MAMA,,2025-09-08,,
GWRE,,2025-09-04,,
TTC,,2025-09-04,,
BARK,2025-08-07,2025-11-05,,
MOMO,,2025-09-09,,
ABM,,2025-09-05,,
ASAN,,2025-09-03,,
BF.B,,2025-08-28,,
BRZE,,2025-09-04,,
BASE,,2025-09-03,,
CXM,,2025-09-03,,
DCI,,2025-08-27,,
GEF,,2025-08-27,,
GES,,2025-08-27,,
GCO,,2025-08-28,,
DSGX,,2025-09-03,,
FCEL,,2025-09-03,,
DLTH,,2025-08-27,,
ADBE,,2025-09-10,,
ORCL,,,,
GME,,2025-09-08,,
GTLB,,2025-09-03,,
CASY,,2025-09-08,,
CHWY,2025-08-26,2025-12-02,,
VSCO,,2025-08-28,,
PLAY,,2025-09-08,,
RH,,2025-09-10,,
ASO,,2025-09-08,,
UNFI,,2025-09-29,,
CVGW,,2025-09-03,,
GHM,2025-08-05,2025-11-06,,
DBI,,2025-09-09,,
LMNR,,2025-09-09,,
LAKE,,2025-09-09,,
AII,2025-08-12,,,
LOVE,,2025-09-11,,
VRA,,2025-08-27,,
SJM,,2025-08-27,,
SFIX,,2025-09-23,,
MNY,,,,
SAIL,,2025-09-09,,
CNM,,2025-09-03,,
ESTA,2025-08-07,2025-11-05,,
SKIL,,2025-09-08,,
HOFT,,2025-09-04,,
CMTL,,2025-10-28,,
OXM,,2025-09-09,,
MPAA,2025-08-11,2025-11-10,,
JILL,,2025-09-02,,
PETS,2025-08-13,2025-11-04,,
CRMTAPPS,,,,
LEN,,2025-09-17,,
KR,,2025-09-10,,
ACB,2025-08-06,2025-11-04,,
JBL,,2025-09-25,,
PETS,2025-08-13,2025-11-04,,
ACN,,2025-09-25,,
DRI,,2025-09-18,,
KMX,,2025-09-25,,
AIOT,2025-08-11,2025-11-10,,
HITI,,2025-09-15,,
XAIR,2025-08-12,2025-11-10,,
LZB,2025-08-19,2025-11-17,,
SWBI,,2025-09-04,,
RNW,2025-08-13,2025-11-17,,
TEN,,2025-09-08,,
ANTA,2025-08-12,,,
VNCE,,2025-09-15,,
GMS,,2025-08-28,,
KFY,,2025-09-04,,
WLY,,2025-09-04,,
RFIL,,2025-09-11,,
LVO,2025-08-13,2025-11-05,,
VTGN,2025-08-07,2025-11-05,,
MU,,2025-09-25,,
FDX,,2025-09-18,,
CCL,,2025-09-29,,
NKE,,2025-09-29,,
BB,,2025-09-25,,
CMC,,2025-10-15,,
KBH,,,,
FDS,,2025-09-18,,
SNX,,2025-09-24,,
WOR,,2025-09-23,,
AVAV,,2025-09-09,,
AYI,,2025-09-29,,
GIS,,2025-09-16,,
WBA,,2025-10-13,,
PAYX,,2025-09-24,,
JEF,,2025-09-24,,
CNXC,,2025-09-24,,
ATEX,2025-08-12,2025-11-11,,
AOUT,,2025-09-04,,
DAKT,,2025-08-27,,
NG,,2025-09-30,,
LNN,,2025-10-22,,
WGO,,2025-10-21,,
WS,,2025-09-24,,
MKC,,2025-09-29,,
APOG,,2025-09-23,,
HIVE,2025-08-14,2025-11-13,,
EPAC,,2025-09-24,,
FUL,,2025-09-17,,
OESX,2025-08-06,2025-11-04,,
MLKN,,2025-09-23,,
SCS,,2025-09-17,,
PRGS,,2025-09-22,,
QMCO,2025-08-04,2025-09-01,,
STZ,,2025-10-01,,
UNF,,2025-10-21,,
FC,,2025-11-04,,
MSM,,2025-10-22,,
GBX,,2025-10-21,,
ZENV,,2025-09-05,,
