Symbol,2025-10-05,2025-10-06,2025-10-07,2025-10-08,2025-10-09,2025-10-10,2025-10-13
A,5.57,5.57,5.57,5.57,5.57,5.57,5.57
AA,3.31,3.31,3.31,3.22,3.21,3.21,3.21
AAL,0.48,0.43,0.42,0.42,0.42,0.43,0.43
AAP,1.79,1.79,1.79,1.79,1.79,1.79,1.78
AAPL,7.37,7.37,7.36,7.36,7.36,7.37,7.37
ABBV,11.97,11.97,11.78,11.5,11.51,11.23,11.09
ABM,3.64,3.64,3.64,3.64,3.64,3.64,3.64
ABNB,4.24,4.24,4.24,4.24,4.24,4.24,4.24
ABT,5.14,5.14,5.14,5.14,5.14,5.14,5.14
ABVX,-3.43,-3.43,-3.41,-3.41,-3.41,-3.41,-3.41
ACB,-0.3,-0.3,-0.3,-0.3,-0.3,-0.3,-0.3
ACHR,-0.78,-0.78,-0.78,-0.78,-0.78,-0.78,-0.78
ACI,2.11,2.11,2.11,2.11,2.11,2.11,2.11
ACN,13.47,13.47,13.85,13.85,13.85,13.85,13.85
ADBE,20.76,20.76,20.76,20.76,20.76,20.76,20.76
ADI,7.77,7.77,7.77,7.77,7.77,7.77,7.79
ADSK,9.95,9.95,9.95,9.94,9.94,9.94,9.94
AEHR,0.11,0.11,0.18,0.12,0.12,0.12,0.12
AEM,7.32,7.35,7.35,7.39,7.39,7.4,7.4
AEO,1.12,1.12,1.12,1.12,1.12,1.12,1.12
AFRM,2.44,2.47,2.47,2.47,2.47,2.47,2.47
AGNC,1.59,1.59,1.59,1.59,1.59,1.59,1.59
AGYS,1.62,1.62,1.62,1.62,1.62,1.62,1.62
AI,-1.27,-1.27,-1.27,-1.27,-1.27,-1.27,-1.27
AIG,6.39,6.4,6.41,6.42,6.47,6.49,6.49
AII,4.65,4.84,4.84,4.84,4.84,4.84,4.84
AIOT,0.3,0.3,0.3,0.3,0.3,0.3,0.3
AJG,11.09,11.09,11.09,11.09,11.09,11.1,11.1
ALAB,1.58,1.58,1.58,1.58,1.58,1.58,1.58
ALB,-1.95,-1.95,-1.99,-1.99,-1.94,-1.94,-1.93
ALK,3.07,3.05,2.98,2.98,2.97,2.97,2.97
ALLY,3.6,3.6,3.6,3.6,3.6,3.6,3.6
AMAT,9.39,9.39,9.39,9.39,9.38,9.38,9.38
AMBA,0.49,0.49,0.49,0.49,0.49,0.49,0.49
AMD,3.9,3.9,3.9,3.9,3.9,3.9,3.9
AMSC,0.75,0.75,0.75,0.75,0.75,0.75,0.75
AMZN,6.62,6.62,6.62,6.62,6.62,6.62,6.62
ANET,2.81,2.81,2.81,2.81,2.81,2.81,2.81
ANF,10.3,10.3,10.42,10.42,10.42,10.42,10.42
ANTA,0.45,0.45,0.45,0.45,0.45,0.45,0.45
AOUT,0.04,0.04,0.04,0.04,0.04,0.04,0.04
APH,3.04,3.05,3.05,3.05,3.05,3.05,3.05
API,0.06,0.06,0.06,0.06,0.06,0.06,0.06
APLD,-0.75,-0.75,-0.75,-0.75,-0.75,-0.75,-0.87
APOG,3.96,3.96,3.96,3.96,3.96,3.96,3.84
APP,10.74,10.74,9.15,9.15,9.15,9.15,9.15
APPS,0.3,0.3,0.3,0.3,0.3,0.3,0.3
ARBE,-0.29,-0.29,-0.29,-0.29,-0.29,-0.29,-0.29
ARM,1.69,1.69,1.69,1.69,1.69,1.69,1.69
AS,0.85,0.85,0.85,0.85,0.85,0.85,0.85
ASAN,0.24,0.24,0.24,0.24,0.24,0.24,0.24
ASML,23.92,23.94,23.94,23.94,23.95,23.98,23.99
ASO,5.76,5.76,5.76,5.76,5.76,5.76,5.76
ASTS,-0.96,-0.96,-1.02,-1.02,-1.02,-1.02,-1.02
ATEX,1.43,1.43,1.43,1.43,1.43,1.43,1.43
AVAV,3.65,3.65,3.65,3.65,3.65,3.63,3.63
AVGO,6.74,6.74,6.74,6.74,6.74,6.74,6.74
AXON,6.72,6.72,6.72,6.72,6.72,6.72,6.72
AXP,15.34,15.34,15.35,15.35,15.35,15.35,15.35
AYI,19.92,19.92,19.92,19.92,19.92,19.92,19.92
AZO,152.75,152.75,152.75,152.75,152.67,152.67,152.67
AZZ,6.03,6.03,6.04,6.04,6.04,6.01,6.02
BA,-3.26,-2.71,-2.67,-2.87,-3.01,-2.96,-2.99
BABA,55.58,55.58,55.59,54.96,54.1,53.7,52.93
BAC,3.68,3.68,3.68,3.68,3.69,3.69,3.69
BAH,6.37,6.37,6.36,6.34,6.34,6.34,6.34
BANR,5.4,5.4,5.4,5.4,5.39,5.39,5.39
BARK,-0.07,-0.07,-0.07,-0.07,-0.07,-0.07,-0.07
BB,0.14,0.14,0.14,0.14,0.14,0.14,0.14
BBAI,-1.1,-1.1,-1.1,-1.1,-1.1,-1.1,-1.1
BBY,6.25,6.25,6.25,6.25,6.25,6.25,6.25
BIDU,55.53,55.53,55.53,55.53,55.53,55.53,54.97
BILI,5.43,5.43,5.43,5.43,5.43,5.43,5.43
BILL,2.14,2.14,2.14,2.14,2.14,2.14,2.14
BJ,4.33,4.33,4.33,4.33,4.33,4.33,4.33
BK,7.14,7.13,7.13,7.13,7.13,7.13,7.13
BLK,47.57,47.48,47.36,47.3,47.31,47.37,47.36
BLNK,-0.65,-0.65,-0.65,-0.65,-0.65,-0.65,-0.65
BLRX,-0.8,-0.8,-0.8,-0.8,-0.8,-0.8,-0.8
BNS,6.98,6.98,6.98,6.98,6.98,6.98,6.98
BOX,1.31,1.31,1.31,1.31,1.31,1.31,1.31
BROS,0.68,0.68,0.68,0.68,0.68,0.68,0.68
BRZE,0.42,0.42,0.42,0.42,0.42,0.42,0.42
BSEM,0.26,0.26,0.26,0.26,0.26,0.26,0.26
BSVN,4.33,4.33,4.33,4.33,4.33,4.33,4.33
BX,5.03,5.03,5.03,5.03,5.03,5.03,5.03
BYD,6.92,6.92,6.92,6.92,6.92,6.92,6.92
BYRN,0.33,0.33,0.33,0.33,0.33,0.37,0.37
C,7.53,7.51,7.5,7.46,7.45,7.43,7.43
CAL,1.73,1.73,1.73,1.73,1.73,1.73,1.73
CALM,10.04,10.04,10.04,10.04,10.04,10.04,10.04
CASY,16.44,16.44,16.44,16.44,16.44,16.44,16.44
CAT,17.85,17.85,17.85,17.83,17.83,17.83,17.81
CAVA,0.55,0.55,0.55,0.55,0.55,0.55,0.55
CBAT,-0.12,-0.12,-0.12,-0.12,-0.12,-0.12,-0.12
CBRL,0.96,0.96,0.96,0.96,0.96,0.96,0.96
CCL,2.15,2.15,2.15,2.16,2.16,2.16,2.16
CCS,5.36,5.36,5.36,5.36,5.36,5.36,5.36
CELH,1.19,1.19,1.19,1.19,1.19,1.19,1.19
CGC,-0.29,-0.29,-0.29,-0.29,-0.29,-0.29,-0.29
CGEN,-0.34,-0.34,-0.34,-0.34,-0.34,-0.34,-0.34
CHGG,-0.06,-0.06,-0.06,-0.06,-0.06,-0.06,-0.06
CHKP,9.9,9.9,9.9,9.9,9.9,9.91,9.91
CHPT,-5.17,-5.17,-5.17,-5.17,-5.17,-5.17,-5.17
CHWY,1.27,1.27,1.27,1.27,1.27,1.27,1.27
CIEN,2.49,2.49,2.49,2.49,2.49,2.49,2.49
CLF,-2.48,-2.43,-2.43,-2.43,-2.43,-2.43,-2.43
CLS,5.58,5.58,5.58,5.58,5.58,5.58,5.58
CMC,3.13,3.14,3.14,3.14,3.14,3.14,3.13
CMCO,2.46,2.46,2.46,2.46,2.46,2.46,2.46
CMG,1.21,1.21,1.21,1.21,1.21,1.21,1.21
CMTL,-1.84,-1.84,-1.84,-1.84,-1.84,-1.84,-1.84
CNM,2.42,2.42,2.42,2.42,2.42,2.42,2.42
CNXC,11.31,11.31,11.31,11.37,11.37,11.17,11.17
COF,17.65,17.66,17.7,17.7,17.7,17.73,17.73
COIN,8.13,8.03,8.03,8.03,8.03,8.03,8.03
COP,6.39,6.47,6.45,6.45,6.45,6.43,6.47
COST,20.09,20.09,20.09,20.09,20.09,20.09,20.09
CPB,2.46,2.46,2.46,2.46,2.46,2.46,2.46
CPRT,1.71,1.71,1.71,1.71,1.71,1.69,1.69
CRDO,2.02,2.02,2.02,2.02,2.02,2.02,2.02
CRM,11.35,11.35,11.35,11.35,11.35,11.35,11.35
CRMT,1.07,1.07,1.07,1.07,1.07,1.07,1.07
CRON,-0.02,-0.02,-0.02,-0.02,-0.02,-0.02,-0.02
CRWD,3.68,3.68,3.68,3.68,3.68,3.68,3.68
CRWV,-1.54,-1.54,-2.67,-2.67,-2.67,-2.67,-2.67
CSCO,4.04,4.04,4.04,4.04,4.04,4.04,4.04
CSWC,2.35,2.35,2.35,2.34,2.34,2.34,2.34
CSX,1.66,1.66,1.66,1.65,1.65,1.65,1.65
CTMX,0.06,0.06,0.06,0.06,0.06,0.06,0.06
CURV,0.03,0.03,0.03,0.03,0.03,0.03,0.03
CVGW,1.67,1.67,1.67,1.67,1.67,1.67,1.67
CVNA,5.37,5.37,5.21,5.22,5.22,5.22,5.21
CVS,6.36,6.36,6.36,6.36,6.37,6.37,6.37
CXM,0.43,0.43,0.43,0.43,0.43,0.43,0.43
CYBR,3.91,3.91,3.91,3.91,3.91,3.91,3.91
DAKT,1.01,1.01,1.01,1.01,1.01,1.01,1.01
DAL,5.76,5.76,5.77,5.77,5.78,5.98,6.0
DASH,2.47,2.47,2.47,2.47,2.47,2.47,2.47
DBI,-0.48,-0.48,-0.48,-0.48,-0.48,-0.48,-0.48
DCI,4.01,4.01,4.01,4.01,4.01,4.01,4.01
DDOG,1.84,1.84,1.84,1.84,1.84,1.84,1.84
DE,18.51,18.51,18.51,18.51,18.5,18.5,18.5
DECK,6.34,6.34,6.34,6.34,6.34,6.33,6.33
DELL,9.54,9.54,9.54,9.55,9.55,9.55,9.55
DG,6.1,6.1,6.09,6.09,6.09,6.09,6.09
DGX,9.75,9.75,9.75,9.75,9.75,9.75,9.75
DHI,11.81,11.81,11.81,11.81,11.81,11.81,11.81
DHR,7.77,7.77,7.78,7.78,7.78,7.78,7.78
DIBS,-0.51,-0.51,-0.51,-0.51,-0.51,-0.51,-0.51
DIS,5.87,5.87,5.88,5.88,5.88,5.88,5.88
DKNG,1.28,1.31,1.31,1.31,1.29,1.27,1.22
DKS,14.68,14.68,14.68,14.68,14.66,14.66,14.66
DLTH,-0.55,-0.55,-0.55,-0.55,-0.55,-0.55,-0.55
DLTR,5.52,5.52,5.52,5.51,5.5,5.5,5.49
DOC,0.37,0.37,0.37,0.37,0.37,0.37,0.37
DOCS,1.51,1.51,1.51,1.51,1.51,1.52,1.52
DOCU,3.67,3.67,3.67,3.67,3.67,3.67,3.67
DOMO,-0.15,-0.15,-0.15,-0.15,-0.15,-0.15,-0.15
DPZ,17.6,17.59,17.59,17.6,17.61,17.6,17.58
DRI,10.62,10.62,10.62,10.62,10.62,10.62,10.62
DSGX,2.36,2.36,2.36,2.36,2.36,2.36,2.36
DY,10.28,10.28,10.28,10.28,10.28,10.28,10.28
EGHT,0.3,0.3,0.3,0.3,0.3,0.3,0.3
EH,0.55,0.55,0.55,0.55,0.55,0.55,0.55
ELF,3.52,3.52,3.52,3.53,3.53,3.53,3.53
ENPH,2.64,2.64,2.64,2.65,2.65,2.65,2.65
EPAC,1.8,1.8,1.8,1.8,1.8,1.8,1.8
EQBK,3.86,3.86,3.86,3.9,3.9,3.91,3.91
ERIC,0.6,0.6,0.6,0.64,0.67,0.67,0.67
ESTA,-2.06,-2.06,-2.06,-2.06,-2.06,-2.06,-2.06
ESTC,2.34,2.34,2.34,2.34,2.34,2.34,2.35
ET,1.4,1.4,1.4,1.4,1.4,1.4,1.4
EXEL,2.71,2.71,2.71,2.71,2.71,2.71,2.71
F,1.15,1.14,1.14,1.14,1.14,1.14,1.14
FAST,1.11,1.11,1.11,1.11,1.11,1.11,1.11
FBK,3.75,3.75,3.75,3.75,3.74,3.74,3.74
FC,1.21,1.21,1.21,1.21,1.21,1.21,1.21
FCEL,-5.15,-5.15,-5.15,-5.15,-5.15,-5.15,-5.15
FCX,1.47,1.47,1.47,1.46,1.46,1.46,1.46
FDS,17.31,17.31,17.31,17.31,17.31,17.31,17.31
FDX,18.07,18.07,18.12,18.12,18.12,18.12,18.12
FERG,10.3,10.3,10.3,10.3,10.3,10.3,10.3
FFIV,15.36,15.36,15.36,15.36,15.36,15.37,15.37
FITB,3.48,3.48,3.48,3.48,3.47,3.41,3.41
FIVE,5.11,5.11,5.11,5.11,5.11,5.11,5.11
FL,0.77,0.77,0.77,0.77,0.77,0.77,0.77
FLWS,-0.7,-0.7,-0.7,-0.7,-0.7,-0.7,-0.7
FNB,1.45,1.45,1.45,1.45,1.45,1.45,1.45
FOUR,5.44,5.44,5.44,5.45,5.45,5.46,5.46
FOXA,4.2,4.2,4.2,4.19,4.19,4.19,4.19
FR,1.56,1.56,1.56,1.56,1.56,1.56,1.56
FSLR,15.27,15.27,15.22,15.21,15.21,15.21,15.21
FUBO,-0.03,-0.03,-0.03,-0.03,-0.03,-0.03,-0.03
FUL,4.2,4.2,4.2,4.2,4.2,4.2,4.2
GAMB,1.27,1.27,1.27,1.27,1.27,1.27,1.4
GAP,2.08,2.08,2.08,2.08,2.08,2.08,2.08
GBX,6.47,6.47,6.47,6.47,6.47,6.47,6.47
GBX,6.47,6.47,6.47,6.47,6.47,6.47,6.47
GBX,6.47,6.47,6.47,6.47,6.47,6.47,6.47
GBX,6.47,6.47,6.47,6.47,6.47,6.47,6.47
GBX,6.47,6.47,6.47,6.47,6.47,6.47,6.47
GBX,6.47,6.47,6.47,6.47,6.47,6.47,6.47
GBX,6.47,6.47,6.47,6.47,6.47,6.47,6.47
GBX,6.47,6.47,6.47,6.47,6.47,6.47,6.47
GBX,6.47,6.47,6.47,6.47,6.47,6.47,6.47
GBX,6.47,6.47,6.47,6.47,6.47,6.47,6.47
GBX,6.47,6.47,6.47,6.47,6.47,6.47,6.47
GBX,6.47,6.47,6.47,6.47,6.47,6.47,6.47
GBX,6.47,6.47,6.47,6.47,6.47,6.47,6.47
GBX,6.47,6.47,6.47,6.47,6.47,6.47,6.47
GBX,6.47,6.47,6.47,6.47,6.47,6.47,6.47
GBX,6.47,6.47,6.47,6.47,6.47,6.47,6.47
GBX,6.47,6.47,6.47,6.47,6.47,6.47,6.47
GBX,6.47,6.47,6.47,6.47,6.47,6.47,6.47
GBX,6.47,6.47,6.47,6.47,6.47,6.47,6.47
GBX,6.47,6.47,6.47,6.47,6.47,6.47,6.47
GBX,6.47,6.47,6.47,6.47,6.47,6.47,6.47
GBX,6.47,6.47,6.47,6.47,6.47,6.47,6.47
GBX,6.47,6.47,6.47,6.47,6.47,6.47,6.47
GBX,6.47,6.47,6.47,6.47,6.47,6.47,6.47
GBX,6.47,6.47,6.47,6.47,6.47,6.47,6.47
GBX,6.47,6.47,6.47,6.47,6.47,6.47,6.47
GBX,6.47,6.47,6.47,6.47,6.47,6.47,6.47
GBX,6.47,6.47,6.47,6.47,6.47,6.47,6.47
GBX,6.47,6.47,6.47,6.47,6.47,6.47,6.47
GBX,6.47,6.47,6.47,6.47,6.47,6.47,6.47
GBX,6.47,6.47,6.47,6.47,6.47,6.47,6.47
GBX,6.47,6.47,6.47,6.47,6.47,6.47,6.47
GBX,6.47,6.47,6.47,6.47,6.47,6.47,6.47
GBX,6.47,6.47,6.47,6.47,6.47,6.47,6.47
GBX,6.47,6.47,6.47,6.47,6.47,6.47,6.47
GBX,6.47,6.47,6.47,6.47,6.47,6.47,6.47
GBX,6.47,6.47,6.47,6.47,6.47,6.47,6.47
GBX,6.47,6.47,6.47,6.47,6.47,6.47,6.47
GBX,6.47,6.47,6.47,6.47,6.47,6.47,6.47
GBX,6.47,6.47,6.47,6.47,6.47,6.47,6.47
GBX,6.47,6.47,6.47,6.47,6.47,6.47,6.47
GBX,6.47,6.47,6.47,6.47,6.47,6.47,6.47
GBX,6.47,6.47,6.47,6.47,6.47,6.47,6.47
GBX,6.47,6.47,6.47,6.47,6.47,6.47,6.47
GBX,6.47,6.47,6.47,6.47,6.47,6.47,6.47
GBX,6.47,6.47,6.47,6.47,6.47,6.47,6.47
GBX,6.47,6.47,6.47,6.47,6.47,6.47,6.47
GBX,6.47,6.47,6.47,6.47,6.47,6.47,6.47
GBX,6.47,6.47,6.47,6.47,6.47,6.47,6.47
GBX,6.47,6.47,6.47,6.47,6.47,6.47,6.47
GBX,6.47,6.47,6.47,6.47,6.47,6.47,6.47
GBX,6.47,6.47,6.47,6.47,6.47,6.47,6.47
GBX,6.47,6.47,6.47,6.47,6.47,6.47,6.47
GBX,6.47,6.47,6.47,6.47,6.47,6.47,6.47
GBX,6.47,6.47,6.47,6.47,6.47,6.47,6.47
GBX,6.47,6.47,6.47,6.47,6.47,6.47,6.47
GBX,6.47,6.47,6.47,6.47,6.47,6.47,6.47
GBX,6.47,6.47,6.47,6.47,6.47,6.47,6.47
GBX,6.47,6.47,6.47,6.47,6.47,6.47,6.47
GBX,6.47,6.47,6.47,6.47,6.47,6.47,6.47
GBX,6.47,6.47,6.47,6.47,6.47,6.47,6.47
GBX,6.47,6.47,6.47,6.47,6.47,6.47,6.47
GBX,6.47,6.47,6.47,6.47,6.47,6.47,6.47
GBX,6.47,6.47,6.47,6.47,6.47,6.47,6.47
GBX,6.47,6.47,6.47,6.47,6.47,6.47,6.47
GBX,6.47,6.47,6.47,6.47,6.47,6.47,6.47
GBX,6.47,6.47,6.47,6.47,6.47,6.47,6.47
GBX,6.47,6.47,6.47,6.47,6.47,6.47,6.47
GBX,6.47,6.47,6.47,6.47,6.47,6.47,6.47
GBX,6.47,6.47,6.47,6.47,6.47,6.47,6.47
GBX,6.47,6.47,6.47,6.47,6.47,6.47,6.47
GBX,6.47,6.47,6.47,6.47,6.47,6.47,6.47
GBX,6.47,6.47,6.47,6.47,6.47,6.47,6.47
GBX,6.47,6.47,6.47,6.47,6.47,6.47,6.47
GBX,6.47,6.47,6.47,6.47,6.47,6.47,6.47
GBX,6.47,6.47,6.47,6.47,6.47,6.47,6.47
GBX,6.47,6.47,6.47,6.47,6.47,6.47,6.47
GBX,6.47,6.47,6.47,6.47,6.47,6.47,6.47
GBX,6.47,6.47,6.47,6.47,6.47,6.47,6.47
GBX,6.47,6.47,6.47,6.47,6.47,6.47,6.47
GBX,6.47,6.47,6.47,6.47,6.47,6.47,6.47
GBX,6.47,6.47,6.47,6.47,6.47,6.47,6.47
GBX,6.47,6.47,6.47,6.47,6.47,6.47,6.47
GBX,6.47,6.47,6.47,6.47,6.47,6.47,6.47
GBX,6.47,6.47,6.47,6.47,6.47,6.47,6.47
GBX,6.47,6.47,6.47,6.47,6.47,6.47,6.47
GBX,6.47,6.47,6.47,6.47,6.47,6.47,6.47
GBX,6.47,6.47,6.47,6.47,6.47,6.47,6.47
GBX,6.47,6.47,6.47,6.47,6.47,6.47,6.47
GBX,6.47,6.47,6.47,6.47,6.47,6.47,6.47
GBX,6.47,6.47,6.47,6.47,6.47,6.47,6.47
GBX,6.47,6.47,6.47,6.47,6.47,6.47,6.47
GBX,6.47,6.47,6.47,6.47,6.47,6.47,6.47
GBX,6.47,6.47,6.47,6.47,6.47,6.47,6.47
GBX,6.47,6.47,6.47,6.47,6.47,6.47,6.47
GBX,6.47,6.47,6.47,6.47,6.47,6.47,6.47
GBX,6.47,6.47,6.47,6.47,6.47,6.47,6.47
GBX,6.47,6.47,6.47,6.47,6.47,6.47,6.47
GBX,6.47,6.47,6.47,6.47,6.47,6.47,6.47
GBX,6.47,6.47,6.47,6.47,6.47,6.47,6.47
GBX,6.47,6.47,6.47,6.47,6.47,6.47,6.47
GBX,6.47,6.47,6.47,6.47,6.47,6.47,6.47
GBX,6.47,6.47,6.47,6.47,6.47,6.47,6.47
GBX,6.47,6.47,6.47,6.47,6.47,6.47,6.47
GBX,6.47,6.47,6.47,6.47,6.47,6.47,6.47
GBX,6.47,6.47,6.47,6.47,6.47,6.47,6.47
GBX,6.47,6.47,6.47,6.47,6.47,6.47,6.47
GBX,6.47,6.47,6.47,6.47,6.47,6.47,6.47
GBX,6.47,6.47,6.47,6.47,6.47,6.47,6.47
GBX,6.47,6.47,6.47,6.47,6.47,6.47,6.47
GBX,6.47,6.47,6.47,6.47,6.47,6.47,6.47
GBX,6.47,6.47,6.47,6.47,6.47,6.47,6.47
GBX,6.47,6.47,6.47,6.47,6.47,6.47,6.47
GBX,6.47,6.47,6.47,6.47,6.47,6.47,6.47
GBX,6.47,6.47,6.47,6.47,6.47,6.47,6.47
GBX,6.47,6.47,6.47,6.47,6.47,6.47,6.47
GBX,6.47,6.47,6.47,6.47,6.47,6.47,6.47
GBX,6.47,6.47,6.47,6.47,6.47,6.47,6.47
GBX,6.47,6.47,6.47,6.47,6.47,6.47,6.47
GBX,6.47,6.47,6.47,6.47,6.47,6.47,6.47
GBX,6.47,6.47,6.47,6.47,6.47,6.47,6.47
GBX,6.47,6.47,6.47,6.47,6.47,6.47,6.47
GBX,6.47,6.47,6.47,6.47,6.47,6.47,6.47
GBX,6.47,6.47,6.47,6.47,6.47,6.47,6.47
GBX,6.47,6.47,6.47,6.47,6.47,6.47,6.47
GBX,6.47,6.47,6.47,6.47,6.47,6.47,6.47
GBX,6.47,6.47,6.47,6.47,6.47,6.47,6.47
GBX,6.47,6.47,6.47,6.47,6.47,6.47,6.47
GCO,,,,,,,
GDS,1.36,1.36,1.36,1.36,1.36,1.36,1.36
GE,5.9,5.9,5.89,5.9,5.9,5.9,5.9
GEF,3.28,3.28,3.28,3.28,3.28,3.3,3.3
GES,1.56,1.56,1.56,1.56,1.56,1.56,1.56
GEV,7.51,7.51,8.11,8.12,8.12,8.12,8.12
GEVO,-0.24,-0.24,-0.24,-0.24,-0.24,-0.24,-0.24
GHM,1.42,1.42,1.42,1.42,1.42,1.42,1.42
GIII,2.65,2.65,2.65,2.65,2.65,2.65,2.65
GILT,0.55,0.55,0.55,0.55,0.55,0.55,0.55
GIS,3.65,3.65,3.65,3.65,3.65,3.65,3.65
GLNG,1.33,1.33,1.33,1.33,1.33,1.33,1.33
GME,0.99,0.99,0.99,0.99,0.99,0.99,0.99
GMS,6.34,6.34,6.34,6.34,6.34,6.34,6.34
GOOGL,9.94,9.94,9.94,9.94,9.94,9.94,9.94
GRAL,-12.09,-12.09,-12.09,-12.09,-12.09,-12.09,-12.09
GRBK,6.5,6.5,6.5,6.5,6.5,6.5,6.5
GS,46.67,46.78,46.96,47.12,47.15,47.19,47.18
GTLB,0.84,0.84,0.84,0.84,0.84,0.84,0.84
GWRE,2.98,2.98,2.98,2.98,2.98,2.98,2.98
HBAN,1.43,1.43,1.43,1.43,1.43,1.43,1.43
HD,15.01,15.01,15.02,15.02,15.02,15.02,15.02
HIMS,1.07,1.07,0.59,0.59,0.59,0.59,0.59
HITI,-0.03,-0.03,-0.03,-0.03,-0.03,-0.03,-0.03
HIVE,0.3,0.3,0.3,0.3,0.3,0.3,0.3
HLX,0.19,0.19,0.19,0.19,0.19,0.19,0.19
HMC,3.75,3.75,3.75,3.75,3.75,3.75,3.75
HOFT,-0.4,-0.4,-0.4,-0.4,-0.4,-0.4,-0.4
HOFT,-0.4,-0.4,-0.4,-0.4,-0.4,-0.4,-0.4
HOFT,-0.4,-0.4,-0.4,-0.4,-0.4,-0.4,-0.4
HOFT,-0.4,-0.4,-0.4,-0.4,-0.4,-0.4,-0.4
HOFT,-0.4,-0.4,-0.4,-0.4,-0.4,-0.4,-0.4
HOFT,-0.4,-0.4,-0.4,-0.4,-0.4,-0.4,-0.4
HOFT,-0.4,-0.4,-0.4,-0.4,-0.4,-0.4,-0.4
HOFT,-0.4,-0.4,-0.4,-0.4,-0.4,-0.4,-0.4
HOFT,-0.4,-0.4,-0.4,-0.4,-0.4,-0.4,-0.4
HOFT,-0.4,-0.4,-0.4,-0.4,-0.4,-0.4,-0.4
HOFT,-0.4,-0.4,-0.4,-0.4,-0.4,-0.4,-0.4
HOFT,-0.4,-0.4,-0.4,-0.4,-0.4,-0.4,-0.4
HOFT,-0.4,-0.4,-0.4,-0.4,-0.4,-0.4,-0.4
HOFT,-0.4,-0.4,-0.4,-0.4,-0.4,-0.4,-0.4
HOFT,-0.4,-0.4,-0.4,-0.4,-0.4,-0.4,-0.4
HOFT,-0.4,-0.4,-0.4,-0.4,-0.4,-0.4,-0.4
HOFT,-0.4,-0.4,-0.4,-0.4,-0.4,-0.4,-0.4
HOFT,-0.4,-0.4,-0.4,-0.4,-0.4,-0.4,-0.4
HOFT,-0.4,-0.4,-0.4,-0.4,-0.4,-0.4,-0.4
HOFT,-0.4,-0.4,-0.4,-0.4,-0.4,-0.4,-0.4
HOFT,-0.4,-0.4,-0.4,-0.4,-0.4,-0.4,-0.4
HOFT,-0.4,-0.4,-0.4,-0.4,-0.4,-0.4,-0.4
HOFT,-0.4,-0.4,-0.4,-0.4,-0.4,-0.4,-0.4
HOFT,-0.4,-0.4,-0.4,-0.4,-0.4,-0.4,-0.4
HOFT,-0.4,-0.4,-0.4,-0.4,-0.4,-0.4,-0.4
HOFT,-0.4,-0.4,-0.4,-0.4,-0.4,-0.4,-0.4
HOFT,-0.4,-0.4,-0.4,-0.4,-0.4,-0.4,-0.4
HOFT,-0.4,-0.4,-0.4,-0.4,-0.4,-0.4,-0.4
HOFT,-0.4,-0.4,-0.4,-0.4,-0.4,-0.4,-0.4
HOFT,-0.4,-0.4,-0.4,-0.4,-0.4,-0.4,-0.4
HOFT,-0.4,-0.4,-0.4,-0.4,-0.4,-0.4,-0.4
HOFT,-0.4,-0.4,-0.4,-0.4,-0.4,-0.4,-0.4
HOFT,-0.4,-0.4,-0.4,-0.4,-0.4,-0.4,-0.4
HOFT,-0.4,-0.4,-0.4,-0.4,-0.4,-0.4,-0.4
HOFT,-0.4,-0.4,-0.4,-0.4,-0.4,-0.4,-0.4
HOFT,-0.4,-0.4,-0.4,-0.4,-0.4,-0.4,-0.4
HOFT,-0.4,-0.4,-0.4,-0.4,-0.4,-0.4,-0.4
HOFT,-0.4,-0.4,-0.4,-0.4,-0.4,-0.4,-0.4
HOFT,-0.4,-0.4,-0.4,-0.4,-0.4,-0.4,-0.4
HOFT,-0.4,-0.4,-0.4,-0.4,-0.4,-0.4,-0.4
HOFT,-0.4,-0.4,-0.4,-0.4,-0.4,-0.4,-0.4
HOFT,-0.4,-0.4,-0.4,-0.4,-0.4,-0.4,-0.4
HOFT,-0.4,-0.4,-0.4,-0.4,-0.4,-0.4,-0.4
HOFT,-0.4,-0.4,-0.4,-0.4,-0.4,-0.4,-0.4
HOFT,-0.4,-0.4,-0.4,-0.4,-0.4,-0.4,-0.4
HOFT,-0.4,-0.4,-0.4,-0.4,-0.4,-0.4,-0.4
HOFT,-0.4,-0.4,-0.4,-0.4,-0.4,-0.4,-0.4
HOFT,-0.4,-0.4,-0.4,-0.4,-0.4,-0.4,-0.4
HOFT,-0.4,-0.4,-0.4,-0.4,-0.4,-0.4,-0.4
HOFT,-0.4,-0.4,-0.4,-0.4,-0.4,-0.4,-0.4
HOFT,-0.4,-0.4,-0.4,-0.4,-0.4,-0.4,-0.4
HOFT,-0.4,-0.4,-0.4,-0.4,-0.4,-0.4,-0.4
HOFT,-0.4,-0.4,-0.4,-0.4,-0.4,-0.4,-0.4
HOFT,-0.4,-0.4,-0.4,-0.4,-0.4,-0.4,-0.4
HOFT,-0.4,-0.4,-0.4,-0.4,-0.4,-0.4,-0.4
HOFT,-0.4,-0.4,-0.4,-0.4,-0.4,-0.4,-0.4
HOFT,-0.4,-0.4,-0.4,-0.4,-0.4,-0.4,-0.4
HOFT,-0.4,-0.4,-0.4,-0.4,-0.4,-0.4,-0.4
HOFT,-0.4,-0.4,-0.4,-0.4,-0.4,-0.4,-0.4
HOFT,-0.4,-0.4,-0.4,-0.4,-0.4,-0.4,-0.4
HOFT,-0.4,-0.4,-0.4,-0.4,-0.4,-0.4,-0.4
HOFT,-0.4,-0.4,-0.4,-0.4,-0.4,-0.4,-0.4
HOFT,-0.4,-0.4,-0.4,-0.4,-0.4,-0.4,-0.4
HOFT,-0.4,-0.4,-0.4,-0.4,-0.4,-0.4,-0.4
HOFT,-0.4,-0.4,-0.4,-0.4,-0.4,-0.4,-0.4
HOFT,-0.4,-0.4,-0.4,-0.4,-0.4,-0.4,-0.4
HOFT,-0.4,-0.4,-0.4,-0.4,-0.4,-0.4,-0.4
HOFT,-0.4,-0.4,-0.4,-0.4,-0.4,-0.4,-0.4
HOFT,-0.4,-0.4,-0.4,-0.4,-0.4,-0.4,-0.4
HOFT,-0.4,-0.4,-0.4,-0.4,-0.4,-0.4,-0.4
HOFT,-0.4,-0.4,-0.4,-0.4,-0.4,-0.4,-0.4
HOFT,-0.4,-0.4,-0.4,-0.4,-0.4,-0.4,-0.4
HOFT,-0.4,-0.4,-0.4,-0.4,-0.4,-0.4,-0.4
HOFT,-0.4,-0.4,-0.4,-0.4,-0.4,-0.4,-0.4
HOFT,-0.4,-0.4,-0.4,-0.4,-0.4,-0.4,-0.4
HOFT,-0.4,-0.4,-0.4,-0.4,-0.4,-0.4,-0.4
HOFT,-0.4,-0.4,-0.4,-0.4,-0.4,-0.4,-0.4
HOFT,-0.4,-0.4,-0.4,-0.4,-0.4,-0.4,-0.4
HOFT,-0.4,-0.4,-0.4,-0.4,-0.4,-0.4,-0.4
HOFT,-0.4,-0.4,-0.4,-0.4,-0.4,-0.4,-0.4
HOFT,-0.4,-0.4,-0.4,-0.4,-0.4,-0.4,-0.4
HOFT,-0.4,-0.4,-0.4,-0.4,-0.4,-0.4,-0.4
HOFT,-0.4,-0.4,-0.4,-0.4,-0.4,-0.4,-0.4
HOFT,-0.4,-0.4,-0.4,-0.4,-0.4,-0.4,-0.4
HOFT,-0.4,-0.4,-0.4,-0.4,-0.4,-0.4,-0.4
HOFT,-0.4,-0.4,-0.4,-0.4,-0.4,-0.4,-0.4
HOFT,-0.4,-0.4,-0.4,-0.4,-0.4,-0.4,-0.4
HOFT,-0.4,-0.4,-0.4,-0.4,-0.4,-0.4,-0.4
HOFT,-0.4,-0.4,-0.4,-0.4,-0.4,-0.4,-0.4
HOFT,-0.4,-0.4,-0.4,-0.4,-0.4,-0.4,-0.4
HOFT,-0.4,-0.4,-0.4,-0.4,-0.4,-0.4,-0.4
HOFT,-0.4,-0.4,-0.4,-0.4,-0.4,-0.4,-0.4
HOFT,-0.4,-0.4,-0.4,-0.4,-0.4,-0.4,-0.4
HOFT,-0.4,-0.4,-0.4,-0.4,-0.4,-0.4,-0.4
HOFT,-0.4,-0.4,-0.4,-0.4,-0.4,-0.4,-0.4
HOFT,-0.4,-0.4,-0.4,-0.4,-0.4,-0.4,-0.4
HOFT,-0.4,-0.4,-0.4,-0.4,-0.4,-0.4,-0.4
HOFT,-0.4,-0.4,-0.4,-0.4,-0.4,-0.4,-0.4
HOFT,-0.4,-0.4,-0.4,-0.4,-0.4,-0.4,-0.4
HOFT,-0.4,-0.4,-0.4,-0.4,-0.4,-0.4,-0.4
HOFT,-0.4,-0.4,-0.4,-0.4,-0.4,-0.4,-0.4
HOFT,-0.4,-0.4,-0.4,-0.4,-0.4,-0.4,-0.4
HOFT,-0.4,-0.4,-0.4,-0.4,-0.4,-0.4,-0.4
HOFT,-0.4,-0.4,-0.4,-0.4,-0.4,-0.4,-0.4
HOFT,-0.4,-0.4,-0.4,-0.4,-0.4,-0.4,-0.4
HOFT,-0.4,-0.4,-0.4,-0.4,-0.4,-0.4,-0.4
HOFT,-0.4,-0.4,-0.4,-0.4,-0.4,-0.4,-0.4
HOFT,-0.4,-0.4,-0.4,-0.4,-0.4,-0.4,-0.4
HOFT,-0.4,-0.4,-0.4,-0.4,-0.4,-0.4,-0.4
HOFT,-0.4,-0.4,-0.4,-0.4,-0.4,-0.4,-0.4
HOFT,-0.4,-0.4,-0.4,-0.4,-0.4,-0.4,-0.4
HOFT,-0.4,-0.4,-0.4,-0.4,-0.4,-0.4,-0.4
HOFT,-0.4,-0.4,-0.4,-0.4,-0.4,-0.4,-0.4
HOFT,-0.4,-0.4,-0.4,-0.4,-0.4,-0.4,-0.4
HOFT,-0.4,-0.4,-0.4,-0.4,-0.4,-0.4,-0.4
HOFT,-0.4,-0.4,-0.4,-0.4,-0.4,-0.4,-0.4
HOFT,-0.4,-0.4,-0.4,-0.4,-0.4,-0.4,-0.4
HOFT,-0.4,-0.4,-0.4,-0.4,-0.4,-0.4,-0.4
HOFT,-0.4,-0.4,-0.4,-0.4,-0.4,-0.4,-0.4
HOFT,-0.4,-0.4,-0.4,-0.4,-0.4,-0.4,-0.4
HOFT,-0.4,-0.4,-0.4,-0.4,-0.4,-0.4,-0.4
HOFT,-0.4,-0.4,-0.4,-0.4,-0.4,-0.4,-0.4
HOFT,-0.4,-0.4,-0.4,-0.4,-0.4,-0.4,-0.4
HOFT,-0.4,-0.4,-0.4,-0.4,-0.4,-0.4,-0.4
HOFT,-0.4,-0.4,-0.4,-0.4,-0.4,-0.4,-0.4
HOFT,-0.4,-0.4,-0.4,-0.4,-0.4,-0.4,-0.4
HOFT,-0.4,-0.4,-0.4,-0.4,-0.4,-0.4,-0.4
HOFT,-0.4,-0.4,-0.4,-0.4,-0.4,-0.4,-0.4
HOMB,2.35,2.35,2.35,2.35,2.35,2.35,2.35
HOOD,1.9,1.93,1.71,1.72,1.74,1.74,1.75
HPE,1.9,1.9,1.9,1.9,1.9,1.9,1.9
HPQ,3.12,3.12,3.12,3.12,3.12,3.12,3.12
HRL,1.43,1.43,1.43,1.43,1.43,1.43,1.43
HSAI,2.5,2.5,2.5,2.5,2.46,2.46,2.46
HTZ,-1.79,-1.79,-1.79,-1.8,-1.8,-1.8,-1.8
HUM,17.03,17.03,17.03,17.03,17.03,17.04,17.04
HUT,-0.0,-0.0,-0.0,-0.0,-0.0,-0.0,-0.0
HWC,5.64,5.64,5.64,5.64,5.64,5.64,5.64
IBKR,2.03,2.03,2.03,2.04,2.04,2.04,2.05
IBM,11.15,11.15,11.15,11.15,11.15,11.15,11.15
INFY,0.79,0.79,0.79,0.79,0.79,0.79,0.79
INOD,0.9,0.9,0.9,0.9,0.9,0.9,0.9
INTC,0.12,0.12,0.12,0.12,0.12,0.12,0.12
INTU,23.15,23.15,23.15,23.15,23.16,23.16,23.16
IOT,0.47,0.47,0.47,0.47,0.47,0.47,0.47
IREN,0.95,0.95,0.95,0.95,0.95,0.95,0.95
ISRG,8.14,8.14,8.14,8.14,8.14,8.14,8.15
JBHT,5.56,5.56,5.55,5.54,5.54,5.54,5.53
JBL,11.1,11.1,11.1,11.1,11.1,11.1,11.1
JBLU,-1.58,-1.58,-1.6,-1.6,-1.6,-1.6,-1.6
JD,18.62,18.62,18.62,18.62,18.62,18.62,18.62
JEF,2.89,2.89,2.89,2.89,2.89,2.99,2.99
JILL,2.44,2.44,2.44,2.44,2.44,2.44,2.44
JNJ,10.86,10.86,10.85,10.85,10.85,10.85,10.85
JPM,19.56,19.6,19.7,19.63,19.65,19.65,19.65
KBH,6.4,6.4,6.4,6.42,6.4,6.4,6.4
KC,-2.98,-2.98,-2.98,-2.98,-2.98,-2.98,-2.98
KEY,1.44,1.44,1.44,1.44,1.44,1.44,1.45
KEYS,7.07,7.07,7.07,7.07,7.07,7.07,7.07
KFY,5.22,5.22,5.22,5.22,5.22,5.22,5.22
KMI,1.28,1.28,1.28,1.28,1.28,1.28,1.28
KMX,3.22,3.22,3.22,3.2,3.2,3.2,3.2
KMX,3.22,3.22,3.22,3.2,3.2,3.2,3.2
KMX,3.22,3.22,3.22,3.2,3.2,3.2,3.2
KMX,3.22,3.22,3.22,3.2,3.2,3.2,3.2
KMX,3.22,3.22,3.22,3.2,3.2,3.2,3.2
KMX,3.22,3.22,3.22,3.2,3.2,3.2,3.2
KMX,3.22,3.22,3.22,3.2,3.2,3.2,3.2
KMX,3.22,3.22,3.22,3.2,3.2,3.2,3.2
KMX,3.22,3.22,3.22,3.2,3.2,3.2,3.2
KMX,3.22,3.22,3.22,3.2,3.2,3.2,3.2
KMX,3.22,3.22,3.22,3.2,3.2,3.2,3.2
KMX,3.22,3.22,3.22,3.2,3.2,3.2,3.2
KMX,3.22,3.22,3.22,3.2,3.2,3.2,3.2
KMX,3.22,3.22,3.22,3.2,3.2,3.2,3.2
KMX,3.22,3.22,3.22,3.2,3.2,3.2,3.2
KMX,3.22,3.22,3.22,3.2,3.2,3.2,3.2
KMX,3.22,3.22,3.22,3.2,3.2,3.2,3.2
KMX,3.22,3.22,3.22,3.2,3.2,3.2,3.2
KMX,3.22,3.22,3.22,3.2,3.2,3.2,3.2
KMX,3.22,3.22,3.22,3.2,3.2,3.2,3.2
KMX,3.22,3.22,3.22,3.2,3.2,3.2,3.2
KMX,3.22,3.22,3.22,3.2,3.2,3.2,3.2
KMX,3.22,3.22,3.22,3.2,3.2,3.2,3.2
KMX,3.22,3.22,3.22,3.2,3.2,3.2,3.2
KMX,3.22,3.22,3.22,3.2,3.2,3.2,3.2
KMX,3.22,3.22,3.22,3.2,3.2,3.2,3.2
KMX,3.22,3.22,3.22,3.2,3.2,3.2,3.2
KMX,3.22,3.22,3.22,3.2,3.2,3.2,3.2
KMX,3.22,3.22,3.22,3.2,3.2,3.2,3.2
KMX,3.22,3.22,3.22,3.2,3.2,3.2,3.2
KMX,3.22,3.22,3.22,3.2,3.2,3.2,3.2
KMX,3.22,3.22,3.22,3.2,3.2,3.2,3.2
KMX,3.22,3.22,3.22,3.2,3.2,3.2,3.2
KMX,3.22,3.22,3.22,3.2,3.2,3.2,3.2
KMX,3.22,3.22,3.22,3.2,3.2,3.2,3.2
KMX,3.22,3.22,3.22,3.2,3.2,3.2,3.2
KMX,3.22,3.22,3.22,3.2,3.2,3.2,3.2
KMX,3.22,3.22,3.22,3.2,3.2,3.2,3.2
KMX,3.22,3.22,3.22,3.2,3.2,3.2,3.2
KMX,3.22,3.22,3.22,3.2,3.2,3.2,3.2
KMX,3.22,3.22,3.22,3.2,3.2,3.2,3.2
KMX,3.22,3.22,3.22,3.2,3.2,3.2,3.2
KMX,3.22,3.22,3.22,3.2,3.2,3.2,3.2
KMX,3.22,3.22,3.22,3.2,3.2,3.2,3.2
KMX,3.22,3.22,3.22,3.2,3.2,3.2,3.2
KMX,3.22,3.22,3.22,3.2,3.2,3.2,3.2
KMX,3.22,3.22,3.22,3.2,3.2,3.2,3.2
KMX,3.22,3.22,3.22,3.2,3.2,3.2,3.2
KMX,3.22,3.22,3.22,3.2,3.2,3.2,3.2
KMX,3.22,3.22,3.22,3.2,3.2,3.2,3.2
KMX,3.22,3.22,3.22,3.2,3.2,3.2,3.2
KMX,3.22,3.22,3.22,3.2,3.2,3.2,3.2
KMX,3.22,3.22,3.22,3.2,3.2,3.2,3.2
KMX,3.22,3.22,3.22,3.2,3.2,3.2,3.2
KMX,3.22,3.22,3.22,3.2,3.2,3.2,3.2
KMX,3.22,3.22,3.22,3.2,3.2,3.2,3.2
KMX,3.22,3.22,3.22,3.2,3.2,3.2,3.2
KMX,3.22,3.22,3.22,3.2,3.2,3.2,3.2
KMX,3.22,3.22,3.22,3.2,3.2,3.2,3.2
KMX,3.22,3.22,3.22,3.2,3.2,3.2,3.2
KMX,3.22,3.22,3.22,3.2,3.2,3.2,3.2
KMX,3.22,3.22,3.22,3.2,3.2,3.2,3.2
KMX,3.22,3.22,3.22,3.2,3.2,3.2,3.2
KMX,3.22,3.22,3.22,3.2,3.2,3.2,3.2
KMX,3.22,3.22,3.22,3.2,3.2,3.2,3.2
KMX,3.22,3.22,3.22,3.2,3.2,3.2,3.2
KMX,3.22,3.22,3.22,3.2,3.2,3.2,3.2
KMX,3.22,3.22,3.22,3.2,3.2,3.2,3.2
KMX,3.22,3.22,3.22,3.2,3.2,3.2,3.2
KMX,3.22,3.22,3.22,3.2,3.2,3.2,3.2
KMX,3.22,3.22,3.22,3.2,3.2,3.2,3.2
KMX,3.22,3.22,3.22,3.2,3.2,3.2,3.2
KMX,3.22,3.22,3.22,3.2,3.2,3.2,3.2
KMX,3.22,3.22,3.22,3.2,3.2,3.2,3.2
KMX,3.22,3.22,3.22,3.2,3.2,3.2,3.2
KMX,3.22,3.22,3.22,3.2,3.2,3.2,3.2
KMX,3.22,3.22,3.22,3.2,3.2,3.2,3.2
KMX,3.22,3.22,3.22,3.2,3.2,3.2,3.2
KMX,3.22,3.22,3.22,3.2,3.2,3.2,3.2
KMX,3.22,3.22,3.22,3.2,3.2,3.2,3.2
KMX,3.22,3.22,3.22,3.2,3.2,3.2,3.2
KMX,3.22,3.22,3.22,3.2,3.2,3.2,3.2
KMX,3.22,3.22,3.22,3.2,3.2,3.2,3.2
KMX,3.22,3.22,3.22,3.2,3.2,3.2,3.2
KMX,3.22,3.22,3.22,3.2,3.2,3.2,3.2
KMX,3.22,3.22,3.22,3.2,3.2,3.2,3.2
KMX,3.22,3.22,3.22,3.2,3.2,3.2,3.2
KMX,3.22,3.22,3.22,3.2,3.2,3.2,3.2
KMX,3.22,3.22,3.22,3.2,3.2,3.2,3.2
KMX,3.22,3.22,3.22,3.2,3.2,3.2,3.2
KMX,3.22,3.22,3.22,3.2,3.2,3.2,3.2
KMX,3.22,3.22,3.22,3.2,3.2,3.2,3.2
KMX,3.22,3.22,3.22,3.2,3.2,3.2,3.2
KMX,3.22,3.22,3.22,3.2,3.2,3.2,3.2
KMX,3.22,3.22,3.22,3.2,3.2,3.2,3.2
KMX,3.22,3.22,3.22,3.2,3.2,3.2,3.2
KMX,3.22,3.22,3.22,3.2,3.2,3.2,3.2
KMX,3.22,3.22,3.22,3.2,3.2,3.2,3.2
KMX,3.22,3.22,3.22,3.2,3.2,3.2,3.2
KMX,3.22,3.22,3.22,3.2,3.2,3.2,3.2
KMX,3.22,3.22,3.22,3.2,3.2,3.2,3.2
KMX,3.22,3.22,3.22,3.2,3.2,3.2,3.2
KMX,3.22,3.22,3.22,3.2,3.2,3.2,3.2
KMX,3.22,3.22,3.22,3.2,3.2,3.2,3.2
KMX,3.22,3.22,3.22,3.2,3.2,3.2,3.2
KMX,3.22,3.22,3.22,3.2,3.2,3.2,3.2
KMX,3.22,3.22,3.22,3.2,3.2,3.2,3.2
KMX,3.22,3.22,3.22,3.2,3.2,3.2,3.2
KMX,3.22,3.22,3.22,3.2,3.2,3.2,3.2
KMX,3.22,3.22,3.22,3.2,3.2,3.2,3.2
KMX,3.22,3.22,3.22,3.2,3.2,3.2,3.2
KMX,3.22,3.22,3.22,3.2,3.2,3.2,3.2
KMX,3.22,3.22,3.22,3.2,3.2,3.2,3.2
KMX,3.22,3.22,3.22,3.2,3.2,3.2,3.2
KMX,3.22,3.22,3.22,3.2,3.2,3.2,3.2
KMX,3.22,3.22,3.22,3.2,3.2,3.2,3.2
KMX,3.22,3.22,3.22,3.2,3.2,3.2,3.2
KMX,3.22,3.22,3.22,3.2,3.2,3.2,3.2
KMX,3.22,3.22,3.22,3.2,3.2,3.2,3.2
KMX,3.22,3.22,3.22,3.2,3.2,3.2,3.2
KMX,3.22,3.22,3.22,3.2,3.2,3.2,3.2
KMX,3.22,3.22,3.22,3.2,3.2,3.2,3.2
KMX,3.22,3.22,3.22,3.2,3.2,3.2,3.2
KMX,3.22,3.22,3.22,3.2,3.2,3.2,3.2
KMX,3.22,3.22,3.22,3.2,3.2,3.2,3.2
KMX,3.22,3.22,3.22,3.2,3.2,3.2,3.2
KMX,3.22,3.22,3.22,3.2,3.2,3.2,3.2
KMX,3.22,3.22,3.22,3.2,3.2,3.2,3.2
KNX,1.42,1.43,1.42,1.41,1.41,1.41,1.4
KO,2.98,2.98,2.98,2.98,2.98,2.98,2.98
KR,4.8,4.8,4.8,4.8,4.8,4.8,4.8
KRMN,0.39,0.39,0.39,0.39,0.39,0.39,0.39
KRMN,0.39,0.39,0.39,0.39,0.39,0.39,0.39
KRMN,0.39,0.39,0.39,0.39,0.39,0.39,0.39
KRMN,0.39,0.39,0.39,0.39,0.39,0.39,0.39
KRMN,0.39,0.39,0.39,0.39,0.39,0.39,0.39
KRMN,0.39,0.39,0.39,0.39,0.39,0.39,0.39
KRMN,0.39,0.39,0.39,0.39,0.39,0.39,0.39
KRMN,0.39,0.39,0.39,0.39,0.39,0.39,0.39
KRMN,0.39,0.39,0.39,0.39,0.39,0.39,0.39
KRMN,0.39,0.39,0.39,0.39,0.39,0.39,0.39
KRMN,0.39,0.39,0.39,0.39,0.39,0.39,0.39
KRMN,0.39,0.39,0.39,0.39,0.39,0.39,0.39
KRMN,0.39,0.39,0.39,0.39,0.39,0.39,0.39
KRMN,0.39,0.39,0.39,0.39,0.39,0.39,0.39
KRMN,0.39,0.39,0.39,0.39,0.39,0.39,0.39
KRMN,0.39,0.39,0.39,0.39,0.39,0.39,0.39
KRMN,0.39,0.39,0.39,0.39,0.39,0.39,0.39
KRMN,0.39,0.39,0.39,0.39,0.39,0.39,0.39
KRMN,0.39,0.39,0.39,0.39,0.39,0.39,0.39
KRMN,0.39,0.39,0.39,0.39,0.39,0.39,0.39
KRMN,0.39,0.39,0.39,0.39,0.39,0.39,0.39
KRMN,0.39,0.39,0.39,0.39,0.39,0.39,0.39
KRMN,0.39,0.39,0.39,0.39,0.39,0.39,0.39
KRMN,0.39,0.39,0.39,0.39,0.39,0.39,0.39
KRMN,0.39,0.39,0.39,0.39,0.39,0.39,0.39
KRMN,0.39,0.39,0.39,0.39,0.39,0.39,0.39
KRMN,0.39,0.39,0.39,0.39,0.39,0.39,0.39
KRMN,0.39,0.39,0.39,0.39,0.39,0.39,0.39
KRMN,0.39,0.39,0.39,0.39,0.39,0.39,0.39
KRMN,0.39,0.39,0.39,0.39,0.39,0.39,0.39
KRMN,0.39,0.39,0.39,0.39,0.39,0.39,0.39
KRMN,0.39,0.39,0.39,0.39,0.39,0.39,0.39
KRMN,0.39,0.39,0.39,0.39,0.39,0.39,0.39
KRMN,0.39,0.39,0.39,0.39,0.39,0.39,0.39
KRMN,0.39,0.39,0.39,0.39,0.39,0.39,0.39
KRMN,0.39,0.39,0.39,0.39,0.39,0.39,0.39
KRMN,0.39,0.39,0.39,0.39,0.39,0.39,0.39
KRMN,0.39,0.39,0.39,0.39,0.39,0.39,0.39
KRMN,0.39,0.39,0.39,0.39,0.39,0.39,0.39
KRMN,0.39,0.39,0.39,0.39,0.39,0.39,0.39
KRMN,0.39,0.39,0.39,0.39,0.39,0.39,0.39
KRMN,0.39,0.39,0.39,0.39,0.39,0.39,0.39
KRMN,0.39,0.39,0.39,0.39,0.39,0.39,0.39
KRMN,0.39,0.39,0.39,0.39,0.39,0.39,0.39
KRMN,0.39,0.39,0.39,0.39,0.39,0.39,0.39
KRMN,0.39,0.39,0.39,0.39,0.39,0.39,0.39
KRMN,0.39,0.39,0.39,0.39,0.39,0.39,0.39
KRMN,0.39,0.39,0.39,0.39,0.39,0.39,0.39
KRMN,0.39,0.39,0.39,0.39,0.39,0.39,0.39
KRMN,0.39,0.39,0.39,0.39,0.39,0.39,0.39
KRMN,0.39,0.39,0.39,0.39,0.39,0.39,0.39
KRMN,0.39,0.39,0.39,0.39,0.39,0.39,0.39
KRMN,0.39,0.39,0.39,0.39,0.39,0.39,0.39
KRMN,0.39,0.39,0.39,0.39,0.39,0.39,0.39
KRMN,0.39,0.39,0.39,0.39,0.39,0.39,0.39
KRMN,0.39,0.39,0.39,0.39,0.39,0.39,0.39
KRMN,0.39,0.39,0.39,0.39,0.39,0.39,0.39
KRMN,0.39,0.39,0.39,0.39,0.39,0.39,0.39
KRMN,0.39,0.39,0.39,0.39,0.39,0.39,0.39
KRMN,0.39,0.39,0.39,0.39,0.39,0.39,0.39
KRMN,0.39,0.39,0.39,0.39,0.39,0.39,0.39
KRMN,0.39,0.39,0.39,0.39,0.39,0.39,0.39
KRMN,0.39,0.39,0.39,0.39,0.39,0.39,0.39
KRMN,0.39,0.39,0.39,0.39,0.39,0.39,0.39
KRMN,0.39,0.39,0.39,0.39,0.39,0.39,0.39
KRMN,0.39,0.39,0.39,0.39,0.39,0.39,0.39
KRMN,0.39,0.39,0.39,0.39,0.39,0.39,0.39
KRMN,0.39,0.39,0.39,0.39,0.39,0.39,0.39
KRMN,0.39,0.39,0.39,0.39,0.39,0.39,0.39
KRMN,0.39,0.39,0.39,0.39,0.39,0.39,0.39
KRMN,0.39,0.39,0.39,0.39,0.39,0.39,0.39
KRMN,0.39,0.39,0.39,0.39,0.39,0.39,0.39
KRMN,0.39,0.39,0.39,0.39,0.39,0.39,0.39
KRMN,0.39,0.39,0.39,0.39,0.39,0.39,0.39
KRMN,0.39,0.39,0.39,0.39,0.39,0.39,0.39
KRMN,0.39,0.39,0.39,0.39,0.39,0.39,0.39
KRMN,0.39,0.39,0.39,0.39,0.39,0.39,0.39
KRMN,0.39,0.39,0.39,0.39,0.39,0.39,0.39
KRMN,0.39,0.39,0.39,0.39,0.39,0.39,0.39
KRMN,0.39,0.39,0.39,0.39,0.39,0.39,0.39
KRMN,0.39,0.39,0.39,0.39,0.39,0.39,0.39
KRMN,0.39,0.39,0.39,0.39,0.39,0.39,0.39
KRMN,0.39,0.39,0.39,0.39,0.39,0.39,0.39
KRMN,0.39,0.39,0.39,0.39,0.39,0.39,0.39
KRMN,0.39,0.39,0.39,0.39,0.39,0.39,0.39
KRMN,0.39,0.39,0.39,0.39,0.39,0.39,0.39
KRMN,0.39,0.39,0.39,0.39,0.39,0.39,0.39
KRMN,0.39,0.39,0.39,0.39,0.39,0.39,0.39
KRMN,0.39,0.39,0.39,0.39,0.39,0.39,0.39
KRMN,0.39,0.39,0.39,0.39,0.39,0.39,0.39
KRMN,0.39,0.39,0.39,0.39,0.39,0.39,0.39
KRMN,0.39,0.39,0.39,0.39,0.39,0.39,0.39
KRMN,0.39,0.39,0.39,0.39,0.39,0.39,0.39
KRMN,0.39,0.39,0.39,0.39,0.39,0.39,0.39
KRMN,0.39,0.39,0.39,0.39,0.39,0.39,0.39
KRMN,0.39,0.39,0.39,0.39,0.39,0.39,0.39
KRMN,0.39,0.39,0.39,0.39,0.39,0.39,0.39
KRMN,0.39,0.39,0.39,0.39,0.39,0.39,0.39
KRMN,0.39,0.39,0.39,0.39,0.39,0.39,0.39
KRMN,0.39,0.39,0.39,0.39,0.39,0.39,0.39
KRMN,0.39,0.39,0.39,0.39,0.39,0.39,0.39
KRMN,0.39,0.39,0.39,0.39,0.39,0.39,0.39
KRMN,0.39,0.39,0.39,0.39,0.39,0.39,0.39
KRMN,0.39,0.39,0.39,0.39,0.39,0.39,0.39
KRMN,0.39,0.39,0.39,0.39,0.39,0.39,0.39
KRMN,0.39,0.39,0.39,0.39,0.39,0.39,0.39
KRMN,0.39,0.39,0.39,0.39,0.39,0.39,0.39
KRMN,0.39,0.39,0.39,0.39,0.39,0.39,0.39
KRMN,0.39,0.39,0.39,0.39,0.39,0.39,0.39
KRMN,0.39,0.39,0.39,0.39,0.39,0.39,0.39
KRMN,0.39,0.39,0.39,0.39,0.39,0.39,0.39
KRMN,0.39,0.39,0.39,0.39,0.39,0.39,0.39
KRMN,0.39,0.39,0.39,0.39,0.39,0.39,0.39
KRMN,0.39,0.39,0.39,0.39,0.39,0.39,0.39
KRMN,0.39,0.39,0.39,0.39,0.39,0.39,0.39
KRMN,0.39,0.39,0.39,0.39,0.39,0.39,0.39
KRMN,0.39,0.39,0.39,0.39,0.39,0.39,0.39
KRMN,0.39,0.39,0.39,0.39,0.39,0.39,0.39
KRMN,0.39,0.39,0.39,0.39,0.39,0.39,0.39
KRMN,0.39,0.39,0.39,0.39,0.39,0.39,0.39
KRMN,0.39,0.39,0.39,0.39,0.39,0.39,0.39
KRMN,0.39,0.39,0.39,0.39,0.39,0.39,0.39
KRMN,0.39,0.39,0.39,0.39,0.39,0.39,0.39
KRMN,0.39,0.39,0.39,0.39,0.39,0.39,0.39
KRMN,0.39,0.39,0.39,0.39,0.39,0.39,0.39
KRMN,0.39,0.39,0.39,0.39,0.39,0.39,0.39
KRMN,0.39,0.39,0.39,0.39,0.39,0.39,0.39
KRMN,0.39,0.39,0.39,0.39,0.39,0.39,0.39
KRUS,-0.1,-0.1,-0.1,-0.1,-0.1,-0.1,-0.1
LAKE,0.38,0.38,0.38,0.38,0.38,0.38,0.38
LAKE,0.38,0.38,0.38,0.38,0.38,0.38,0.38
LAKE,0.38,0.38,0.38,0.38,0.38,0.38,0.38
LAKE,0.38,0.38,0.38,0.38,0.38,0.38,0.38
LAKE,0.38,0.38,0.38,0.38,0.38,0.38,0.38
LAKE,0.38,0.38,0.38,0.38,0.38,0.38,0.38
LAKE,0.38,0.38,0.38,0.38,0.38,0.38,0.38
LAKE,0.38,0.38,0.38,0.38,0.38,0.38,0.38
LAKE,0.38,0.38,0.38,0.38,0.38,0.38,0.38
LAKE,0.38,0.38,0.38,0.38,0.38,0.38,0.38
LAKE,0.38,0.38,0.38,0.38,0.38,0.38,0.38
LAKE,0.38,0.38,0.38,0.38,0.38,0.38,0.38
LAKE,0.38,0.38,0.38,0.38,0.38,0.38,0.38
LAKE,0.38,0.38,0.38,0.38,0.38,0.38,0.38
LAKE,0.38,0.38,0.38,0.38,0.38,0.38,0.38
LAKE,0.38,0.38,0.38,0.38,0.38,0.38,0.38
LAKE,0.38,0.38,0.38,0.38,0.38,0.38,0.38
LAKE,0.38,0.38,0.38,0.38,0.38,0.38,0.38
LAKE,0.38,0.38,0.38,0.38,0.38,0.38,0.38
LAKE,0.38,0.38,0.38,0.38,0.38,0.38,0.38
LAKE,0.38,0.38,0.38,0.38,0.38,0.38,0.38
LAKE,0.38,0.38,0.38,0.38,0.38,0.38,0.38
LAKE,0.38,0.38,0.38,0.38,0.38,0.38,0.38
LAKE,0.38,0.38,0.38,0.38,0.38,0.38,0.38
LAKE,0.38,0.38,0.38,0.38,0.38,0.38,0.38
LAKE,0.38,0.38,0.38,0.38,0.38,0.38,0.38
LAKE,0.38,0.38,0.38,0.38,0.38,0.38,0.38
LAKE,0.38,0.38,0.38,0.38,0.38,0.38,0.38
LAKE,0.38,0.38,0.38,0.38,0.38,0.38,0.38
LAKE,0.38,0.38,0.38,0.38,0.38,0.38,0.38
LAKE,0.38,0.38,0.38,0.38,0.38,0.38,0.38
LAKE,0.38,0.38,0.38,0.38,0.38,0.38,0.38
LAKE,0.38,0.38,0.38,0.38,0.38,0.38,0.38
LAKE,0.38,0.38,0.38,0.38,0.38,0.38,0.38
LAKE,0.38,0.38,0.38,0.38,0.38,0.38,0.38
LAKE,0.38,0.38,0.38,0.38,0.38,0.38,0.38
LAKE,0.38,0.38,0.38,0.38,0.38,0.38,0.38
LAKE,0.38,0.38,0.38,0.38,0.38,0.38,0.38
LAKE,0.38,0.38,0.38,0.38,0.38,0.38,0.38
LAKE,0.38,0.38,0.38,0.38,0.38,0.38,0.38
LAKE,0.38,0.38,0.38,0.38,0.38,0.38,0.38
LAKE,0.38,0.38,0.38,0.38,0.38,0.38,0.38
LAKE,0.38,0.38,0.38,0.38,0.38,0.38,0.38
LAKE,0.38,0.38,0.38,0.38,0.38,0.38,0.38
LAKE,0.38,0.38,0.38,0.38,0.38,0.38,0.38
LAKE,0.38,0.38,0.38,0.38,0.38,0.38,0.38
LAKE,0.38,0.38,0.38,0.38,0.38,0.38,0.38
LAKE,0.38,0.38,0.38,0.38,0.38,0.38,0.38
LAKE,0.38,0.38,0.38,0.38,0.38,0.38,0.38
LAKE,0.38,0.38,0.38,0.38,0.38,0.38,0.38
LAKE,0.38,0.38,0.38,0.38,0.38,0.38,0.38
LAKE,0.38,0.38,0.38,0.38,0.38,0.38,0.38
LAKE,0.38,0.38,0.38,0.38,0.38,0.38,0.38
LAKE,0.38,0.38,0.38,0.38,0.38,0.38,0.38
LAKE,0.38,0.38,0.38,0.38,0.38,0.38,0.38
LAKE,0.38,0.38,0.38,0.38,0.38,0.38,0.38
LAKE,0.38,0.38,0.38,0.38,0.38,0.38,0.38
LAKE,0.38,0.38,0.38,0.38,0.38,0.38,0.38
LAKE,0.38,0.38,0.38,0.38,0.38,0.38,0.38
LAKE,0.38,0.38,0.38,0.38,0.38,0.38,0.38
LAKE,0.38,0.38,0.38,0.38,0.38,0.38,0.38
LAKE,0.38,0.38,0.38,0.38,0.38,0.38,0.38
LAKE,0.38,0.38,0.38,0.38,0.38,0.38,0.38
LAKE,0.38,0.38,0.38,0.38,0.38,0.38,0.38
LAKE,0.38,0.38,0.38,0.38,0.38,0.38,0.38
LAKE,0.38,0.38,0.38,0.38,0.38,0.38,0.38
LAKE,0.38,0.38,0.38,0.38,0.38,0.38,0.38
LAKE,0.38,0.38,0.38,0.38,0.38,0.38,0.38
LAKE,0.38,0.38,0.38,0.38,0.38,0.38,0.38
LAKE,0.38,0.38,0.38,0.38,0.38,0.38,0.38
LAKE,0.38,0.38,0.38,0.38,0.38,0.38,0.38
LAKE,0.38,0.38,0.38,0.38,0.38,0.38,0.38
LAKE,0.38,0.38,0.38,0.38,0.38,0.38,0.38
LAKE,0.38,0.38,0.38,0.38,0.38,0.38,0.38
LAKE,0.38,0.38,0.38,0.38,0.38,0.38,0.38
LAKE,0.38,0.38,0.38,0.38,0.38,0.38,0.38
LAKE,0.38,0.38,0.38,0.38,0.38,0.38,0.38
LAKE,0.38,0.38,0.38,0.38,0.38,0.38,0.38
LAKE,0.38,0.38,0.38,0.38,0.38,0.38,0.38
LAKE,0.38,0.38,0.38,0.38,0.38,0.38,0.38
LAKE,0.38,0.38,0.38,0.38,0.38,0.38,0.38
LAKE,0.38,0.38,0.38,0.38,0.38,0.38,0.38
LAKE,0.38,0.38,0.38,0.38,0.38,0.38,0.38
LAKE,0.38,0.38,0.38,0.38,0.38,0.38,0.38
LAKE,0.38,0.38,0.38,0.38,0.38,0.38,0.38
LAKE,0.38,0.38,0.38,0.38,0.38,0.38,0.38
LAKE,0.38,0.38,0.38,0.38,0.38,0.38,0.38
LAKE,0.38,0.38,0.38,0.38,0.38,0.38,0.38
LAKE,0.38,0.38,0.38,0.38,0.38,0.38,0.38
LAKE,0.38,0.38,0.38,0.38,0.38,0.38,0.38
LAKE,0.38,0.38,0.38,0.38,0.38,0.38,0.38
LAKE,0.38,0.38,0.38,0.38,0.38,0.38,0.38
LAKE,0.38,0.38,0.38,0.38,0.38,0.38,0.38
LAKE,0.38,0.38,0.38,0.38,0.38,0.38,0.38
LAKE,0.38,0.38,0.38,0.38,0.38,0.38,0.38
LAKE,0.38,0.38,0.38,0.38,0.38,0.38,0.38
LAKE,0.38,0.38,0.38,0.38,0.38,0.38,0.38
LAKE,0.38,0.38,0.38,0.38,0.38,0.38,0.38
LAKE,0.38,0.38,0.38,0.38,0.38,0.38,0.38
LAKE,0.38,0.38,0.38,0.38,0.38,0.38,0.38
LAKE,0.38,0.38,0.38,0.38,0.38,0.38,0.38
LAKE,0.38,0.38,0.38,0.38,0.38,0.38,0.38
LAKE,0.38,0.38,0.38,0.38,0.38,0.38,0.38
LAKE,0.38,0.38,0.38,0.38,0.38,0.38,0.38
LAKE,0.38,0.38,0.38,0.38,0.38,0.38,0.38
LAKE,0.38,0.38,0.38,0.38,0.38,0.38,0.38
LAKE,0.38,0.38,0.38,0.38,0.38,0.38,0.38
LAKE,0.38,0.38,0.38,0.38,0.38,0.38,0.38
LAKE,0.38,0.38,0.38,0.38,0.38,0.38,0.38
LAKE,0.38,0.38,0.38,0.38,0.38,0.38,0.38
LAKE,0.38,0.38,0.38,0.38,0.38,0.38,0.38
LAKE,0.38,0.38,0.38,0.38,0.38,0.38,0.38
LAKE,0.38,0.38,0.38,0.38,0.38,0.38,0.38
LAKE,0.38,0.38,0.38,0.38,0.38,0.38,0.38
LAKE,0.38,0.38,0.38,0.38,0.38,0.38,0.38
LAKE,0.38,0.38,0.38,0.38,0.38,0.38,0.38
LAKE,0.38,0.38,0.38,0.38,0.38,0.38,0.38
LAKE,0.38,0.38,0.38,0.38,0.38,0.38,0.38
LAKE,0.38,0.38,0.38,0.38,0.38,0.38,0.38
LAKE,0.38,0.38,0.38,0.38,0.38,0.38,0.38
LAKE,0.38,0.38,0.38,0.38,0.38,0.38,0.38
LAKE,0.38,0.38,0.38,0.38,0.38,0.38,0.38
LAKE,0.38,0.38,0.38,0.38,0.38,0.38,0.38
LAKE,0.38,0.38,0.38,0.38,0.38,0.38,0.38
LAKE,0.38,0.38,0.38,0.38,0.38,0.38,0.38
LAKE,0.38,0.38,0.38,0.38,0.38,0.38,0.38
LAKE,0.38,0.38,0.38,0.38,0.38,0.38,0.38
LAKE,0.38,0.38,0.38,0.38,0.38,0.38,0.38
LAZR,-4.46,-4.46,-4.46,-4.46,-4.46,-4.46,-4.46
LCID,-8.5,-8.5,-8.5,-8.5,-8.51,-8.51,-8.54
LE,0.79,0.79,0.79,0.79,0.79,0.79,0.79
LEN,8.28,8.28,8.28,8.28,8.28,8.23,8.28
LEVI,1.31,1.31,1.31,1.31,1.31,1.32,1.32
LLY,22.83,22.83,22.83,22.84,22.83,22.83,22.8
LMNR,-0.45,-0.45,-0.45,-0.45,-0.45,-0.45,-0.45
LMT,21.92,21.92,21.94,21.94,21.92,21.92,21.92
LNN,6.91,6.91,6.91,6.91,6.91,6.91,6.91
LOVE,1.64,1.64,1.64,1.64,1.64,1.64,1.64
LOVE,1.64,1.64,1.64,1.64,1.64,1.64,1.64
LOVE,1.64,1.64,1.64,1.64,1.64,1.64,1.64
LOVE,1.64,1.64,1.64,1.64,1.64,1.64,1.64
LOVE,1.64,1.64,1.64,1.64,1.64,1.64,1.64
LOVE,1.64,1.64,1.64,1.64,1.64,1.64,1.64
LOVE,1.64,1.64,1.64,1.64,1.64,1.64,1.64
LOVE,1.64,1.64,1.64,1.64,1.64,1.64,1.64
LOVE,1.64,1.64,1.64,1.64,1.64,1.64,1.64
LOVE,1.64,1.64,1.64,1.64,1.64,1.64,1.64
LOVE,1.64,1.64,1.64,1.64,1.64,1.64,1.64
LOVE,1.64,1.64,1.64,1.64,1.64,1.64,1.64
LOVE,1.64,1.64,1.64,1.64,1.64,1.64,1.64
LOVE,1.64,1.64,1.64,1.64,1.64,1.64,1.64
LOVE,1.64,1.64,1.64,1.64,1.64,1.64,1.64
LOVE,1.64,1.64,1.64,1.64,1.64,1.64,1.64
LOVE,1.64,1.64,1.64,1.64,1.64,1.64,1.64
LOVE,1.64,1.64,1.64,1.64,1.64,1.64,1.64
LOVE,1.64,1.64,1.64,1.64,1.64,1.64,1.64
LOVE,1.64,1.64,1.64,1.64,1.64,1.64,1.64
LOVE,1.64,1.64,1.64,1.64,1.64,1.64,1.64
LOVE,1.64,1.64,1.64,1.64,1.64,1.64,1.64
LOVE,1.64,1.64,1.64,1.64,1.64,1.64,1.64
LOVE,1.64,1.64,1.64,1.64,1.64,1.64,1.64
LOVE,1.64,1.64,1.64,1.64,1.64,1.64,1.64
LOVE,1.64,1.64,1.64,1.64,1.64,1.64,1.64
LOVE,1.64,1.64,1.64,1.64,1.64,1.64,1.64
LOVE,1.64,1.64,1.64,1.64,1.64,1.64,1.64
LOVE,1.64,1.64,1.64,1.64,1.64,1.64,1.64
LOVE,1.64,1.64,1.64,1.64,1.64,1.64,1.64
LOVE,1.64,1.64,1.64,1.64,1.64,1.64,1.64
LOVE,1.64,1.64,1.64,1.64,1.64,1.64,1.64
LOVE,1.64,1.64,1.64,1.64,1.64,1.64,1.64
LOVE,1.64,1.64,1.64,1.64,1.64,1.64,1.64
LOVE,1.64,1.64,1.64,1.64,1.64,1.64,1.64
LOVE,1.64,1.64,1.64,1.64,1.64,1.64,1.64
LOVE,1.64,1.64,1.64,1.64,1.64,1.64,1.64
LOVE,1.64,1.64,1.64,1.64,1.64,1.64,1.64
LOVE,1.64,1.64,1.64,1.64,1.64,1.64,1.64
LOVE,1.64,1.64,1.64,1.64,1.64,1.64,1.64
LOVE,1.64,1.64,1.64,1.64,1.64,1.64,1.64
LOVE,1.64,1.64,1.64,1.64,1.64,1.64,1.64
LOVE,1.64,1.64,1.64,1.64,1.64,1.64,1.64
LOVE,1.64,1.64,1.64,1.64,1.64,1.64,1.64
LOVE,1.64,1.64,1.64,1.64,1.64,1.64,1.64
LOVE,1.64,1.64,1.64,1.64,1.64,1.64,1.64
LOVE,1.64,1.64,1.64,1.64,1.64,1.64,1.64
LOVE,1.64,1.64,1.64,1.64,1.64,1.64,1.64
LOVE,1.64,1.64,1.64,1.64,1.64,1.64,1.64
LOVE,1.64,1.64,1.64,1.64,1.64,1.64,1.64
LOVE,1.64,1.64,1.64,1.64,1.64,1.64,1.64
LOVE,1.64,1.64,1.64,1.64,1.64,1.64,1.64
LOVE,1.64,1.64,1.64,1.64,1.64,1.64,1.64
LOVE,1.64,1.64,1.64,1.64,1.64,1.64,1.64
LOVE,1.64,1.64,1.64,1.64,1.64,1.64,1.64
LOVE,1.64,1.64,1.64,1.64,1.64,1.64,1.64
LOVE,1.64,1.64,1.64,1.64,1.64,1.64,1.64
LOVE,1.64,1.64,1.64,1.64,1.64,1.64,1.64
LOVE,1.64,1.64,1.64,1.64,1.64,1.64,1.64
LOVE,1.64,1.64,1.64,1.64,1.64,1.64,1.64
LOVE,1.64,1.64,1.64,1.64,1.64,1.64,1.64
LOVE,1.64,1.64,1.64,1.64,1.64,1.64,1.64
LOVE,1.64,1.64,1.64,1.64,1.64,1.64,1.64
LOVE,1.64,1.64,1.64,1.64,1.64,1.64,1.64
LOVE,1.64,1.64,1.64,1.64,1.64,1.64,1.64
LOVE,1.64,1.64,1.64,1.64,1.64,1.64,1.64
LOVE,1.64,1.64,1.64,1.64,1.64,1.64,1.64
LOVE,1.64,1.64,1.64,1.64,1.64,1.64,1.64
LOVE,1.64,1.64,1.64,1.64,1.64,1.64,1.64
LOVE,1.64,1.64,1.64,1.64,1.64,1.64,1.64
LOVE,1.64,1.64,1.64,1.64,1.64,1.64,1.64
LOVE,1.64,1.64,1.64,1.64,1.64,1.64,1.64
LOVE,1.64,1.64,1.64,1.64,1.64,1.64,1.64
LOVE,1.64,1.64,1.64,1.64,1.64,1.64,1.64
LOVE,1.64,1.64,1.64,1.64,1.64,1.64,1.64
LOVE,1.64,1.64,1.64,1.64,1.64,1.64,1.64
LOVE,1.64,1.64,1.64,1.64,1.64,1.64,1.64
LOVE,1.64,1.64,1.64,1.64,1.64,1.64,1.64
LOVE,1.64,1.64,1.64,1.64,1.64,1.64,1.64
LOVE,1.64,1.64,1.64,1.64,1.64,1.64,1.64
LOVE,1.64,1.64,1.64,1.64,1.64,1.64,1.64
LOVE,1.64,1.64,1.64,1.64,1.64,1.64,1.64
LOVE,1.64,1.64,1.64,1.64,1.64,1.64,1.64
LOVE,1.64,1.64,1.64,1.64,1.64,1.64,1.64
LOVE,1.64,1.64,1.64,1.64,1.64,1.64,1.64
LOVE,1.64,1.64,1.64,1.64,1.64,1.64,1.64
LOVE,1.64,1.64,1.64,1.64,1.64,1.64,1.64
LOVE,1.64,1.64,1.64,1.64,1.64,1.64,1.64
LOVE,1.64,1.64,1.64,1.64,1.64,1.64,1.64
LOVE,1.64,1.64,1.64,1.64,1.64,1.64,1.64
LOVE,1.64,1.64,1.64,1.64,1.64,1.64,1.64
LOVE,1.64,1.64,1.64,1.64,1.64,1.64,1.64
LOVE,1.64,1.64,1.64,1.64,1.64,1.64,1.64
LOVE,1.64,1.64,1.64,1.64,1.64,1.64,1.64
LOVE,1.64,1.64,1.64,1.64,1.64,1.64,1.64
LOVE,1.64,1.64,1.64,1.64,1.64,1.64,1.64
LOVE,1.64,1.64,1.64,1.64,1.64,1.64,1.64
LOVE,1.64,1.64,1.64,1.64,1.64,1.64,1.64
LOVE,1.64,1.64,1.64,1.64,1.64,1.64,1.64
LOVE,1.64,1.64,1.64,1.64,1.64,1.64,1.64
LOVE,1.64,1.64,1.64,1.64,1.64,1.64,1.64
LOVE,1.64,1.64,1.64,1.64,1.64,1.64,1.64
LOVE,1.64,1.64,1.64,1.64,1.64,1.64,1.64
LOVE,1.64,1.64,1.64,1.64,1.64,1.64,1.64
LOVE,1.64,1.64,1.64,1.64,1.64,1.64,1.64
LOVE,1.64,1.64,1.64,1.64,1.64,1.64,1.64
LOVE,1.64,1.64,1.64,1.64,1.64,1.64,1.64
LOVE,1.64,1.64,1.64,1.64,1.64,1.64,1.64
LOVE,1.64,1.64,1.64,1.64,1.64,1.64,1.64
LOVE,1.64,1.64,1.64,1.64,1.64,1.64,1.64
LOVE,1.64,1.64,1.64,1.64,1.64,1.64,1.64
LOVE,1.64,1.64,1.64,1.64,1.64,1.64,1.64
LOVE,1.64,1.64,1.64,1.64,1.64,1.64,1.64
LOVE,1.64,1.64,1.64,1.64,1.64,1.64,1.64
LOVE,1.64,1.64,1.64,1.64,1.64,1.64,1.64
LOVE,1.64,1.64,1.64,1.64,1.64,1.64,1.64
LOVE,1.64,1.64,1.64,1.64,1.64,1.64,1.64
LOVE,1.64,1.64,1.64,1.64,1.64,1.64,1.64
LOVE,1.64,1.64,1.64,1.64,1.64,1.64,1.64
LOVE,1.64,1.64,1.64,1.64,1.64,1.64,1.64
LOVE,1.64,1.64,1.64,1.64,1.64,1.64,1.64
LOVE,1.64,1.64,1.64,1.64,1.64,1.64,1.64
LOVE,1.64,1.64,1.64,1.64,1.64,1.64,1.64
LOVE,1.64,1.64,1.64,1.64,1.64,1.64,1.64
LOVE,1.64,1.64,1.64,1.64,1.64,1.64,1.64
LOVE,1.64,1.64,1.64,1.64,1.64,1.64,1.64
LOVE,1.64,1.64,1.64,1.64,1.64,1.64,1.64
LOVE,1.64,1.64,1.64,1.64,1.64,1.64,1.64
LRCX,4.48,4.48,4.48,4.49,4.49,4.49,4.49
LSPD,0.45,0.45,0.45,0.45,0.45,0.45,0.45
LULU,13.1,13.1,13.1,13.1,13.1,13.1,13.1
LUNR,-0.31,-0.31,-0.31,-0.31,-0.31,-0.31,-0.31
LUV,0.96,0.95,0.95,0.96,0.97,0.96,0.95
LVO,-0.5,-0.5,-0.5,-0.5,-0.5,-0.5,-0.5
LVS,2.67,2.67,2.67,2.67,2.67,2.67,2.67
LZB,2.54,2.54,2.54,2.54,2.54,2.54,2.54
M,1.94,1.94,1.94,1.94,1.94,1.94,1.94
MA,16.35,16.35,16.36,16.36,16.36,16.36,16.36
MAMA,0.08,0.08,0.08,0.08,0.08,0.08,0.08
MAMA,0.08,0.08,0.08,0.08,0.08,0.08,0.08
MAMA,0.08,0.08,0.08,0.08,0.08,0.08,0.08
MAMA,0.08,0.08,0.08,0.08,0.08,0.08,0.08
MAMA,0.08,0.08,0.08,0.08,0.08,0.08,0.08
MAMA,0.08,0.08,0.08,0.08,0.08,0.08,0.08
MAMA,0.08,0.08,0.08,0.08,0.08,0.08,0.08
MAMA,0.08,0.08,0.08,0.08,0.08,0.08,0.08
MAMA,0.08,0.08,0.08,0.08,0.08,0.08,0.08
MAMA,0.08,0.08,0.08,0.08,0.08,0.08,0.08
MAMA,0.08,0.08,0.08,0.08,0.08,0.08,0.08
MAMA,0.08,0.08,0.08,0.08,0.08,0.08,0.08
MAMA,0.08,0.08,0.08,0.08,0.08,0.08,0.08
MAMA,0.08,0.08,0.08,0.08,0.08,0.08,0.08
MAMA,0.08,0.08,0.08,0.08,0.08,0.08,0.08
MAMA,0.08,0.08,0.08,0.08,0.08,0.08,0.08
MAMA,0.08,0.08,0.08,0.08,0.08,0.08,0.08
MAMA,0.08,0.08,0.08,0.08,0.08,0.08,0.08
MAMA,0.08,0.08,0.08,0.08,0.08,0.08,0.08
MAMA,0.08,0.08,0.08,0.08,0.08,0.08,0.08
MAMA,0.08,0.08,0.08,0.08,0.08,0.08,0.08
MAMA,0.08,0.08,0.08,0.08,0.08,0.08,0.08
MAMA,0.08,0.08,0.08,0.08,0.08,0.08,0.08
MAMA,0.08,0.08,0.08,0.08,0.08,0.08,0.08
MAMA,0.08,0.08,0.08,0.08,0.08,0.08,0.08
MAMA,0.08,0.08,0.08,0.08,0.08,0.08,0.08
MAMA,0.08,0.08,0.08,0.08,0.08,0.08,0.08
MAMA,0.08,0.08,0.08,0.08,0.08,0.08,0.08
MAMA,0.08,0.08,0.08,0.08,0.08,0.08,0.08
MAMA,0.08,0.08,0.08,0.08,0.08,0.08,0.08
MAMA,0.08,0.08,0.08,0.08,0.08,0.08,0.08
MAMA,0.08,0.08,0.08,0.08,0.08,0.08,0.08
MAMA,0.08,0.08,0.08,0.08,0.08,0.08,0.08
MAMA,0.08,0.08,0.08,0.08,0.08,0.08,0.08
MAMA,0.08,0.08,0.08,0.08,0.08,0.08,0.08
MAMA,0.08,0.08,0.08,0.08,0.08,0.08,0.08
MAMA,0.08,0.08,0.08,0.08,0.08,0.08,0.08
MAMA,0.08,0.08,0.08,0.08,0.08,0.08,0.08
MAMA,0.08,0.08,0.08,0.08,0.08,0.08,0.08
MAMA,0.08,0.08,0.08,0.08,0.08,0.08,0.08
MAMA,0.08,0.08,0.08,0.08,0.08,0.08,0.08
MAMA,0.08,0.08,0.08,0.08,0.08,0.08,0.08
MAMA,0.08,0.08,0.08,0.08,0.08,0.08,0.08
MAMA,0.08,0.08,0.08,0.08,0.08,0.08,0.08
MAMA,0.08,0.08,0.08,0.08,0.08,0.08,0.08
MAMA,0.08,0.08,0.08,0.08,0.08,0.08,0.08
MAMA,0.08,0.08,0.08,0.08,0.08,0.08,0.08
MAMA,0.08,0.08,0.08,0.08,0.08,0.08,0.08
MAMA,0.08,0.08,0.08,0.08,0.08,0.08,0.08
MAMA,0.08,0.08,0.08,0.08,0.08,0.08,0.08
MAMA,0.08,0.08,0.08,0.08,0.08,0.08,0.08
MAMA,0.08,0.08,0.08,0.08,0.08,0.08,0.08
MAMA,0.08,0.08,0.08,0.08,0.08,0.08,0.08
MAMA,0.08,0.08,0.08,0.08,0.08,0.08,0.08
MAMA,0.08,0.08,0.08,0.08,0.08,0.08,0.08
MAMA,0.08,0.08,0.08,0.08,0.08,0.08,0.08
MAMA,0.08,0.08,0.08,0.08,0.08,0.08,0.08
MAMA,0.08,0.08,0.08,0.08,0.08,0.08,0.08
MAMA,0.08,0.08,0.08,0.08,0.08,0.08,0.08
MAMA,0.08,0.08,0.08,0.08,0.08,0.08,0.08
MAMA,0.08,0.08,0.08,0.08,0.08,0.08,0.08
MAMA,0.08,0.08,0.08,0.08,0.08,0.08,0.08
MAMA,0.08,0.08,0.08,0.08,0.08,0.08,0.08
MAMA,0.08,0.08,0.08,0.08,0.08,0.08,0.08
MAMA,0.08,0.08,0.08,0.08,0.08,0.08,0.08
MAMA,0.08,0.08,0.08,0.08,0.08,0.08,0.08
MAMA,0.08,0.08,0.08,0.08,0.08,0.08,0.08
MAMA,0.08,0.08,0.08,0.08,0.08,0.08,0.08
MAMA,0.08,0.08,0.08,0.08,0.08,0.08,0.08
MAMA,0.08,0.08,0.08,0.08,0.08,0.08,0.08
MAMA,0.08,0.08,0.08,0.08,0.08,0.08,0.08
MAMA,0.08,0.08,0.08,0.08,0.08,0.08,0.08
MAMA,0.08,0.08,0.08,0.08,0.08,0.08,0.08
MAMA,0.08,0.08,0.08,0.08,0.08,0.08,0.08
MAMA,0.08,0.08,0.08,0.08,0.08,0.08,0.08
MAMA,0.08,0.08,0.08,0.08,0.08,0.08,0.08
MAMA,0.08,0.08,0.08,0.08,0.08,0.08,0.08
MAMA,0.08,0.08,0.08,0.08,0.08,0.08,0.08
MAMA,0.08,0.08,0.08,0.08,0.08,0.08,0.08
MAMA,0.08,0.08,0.08,0.08,0.08,0.08,0.08
MAMA,0.08,0.08,0.08,0.08,0.08,0.08,0.08
MAMA,0.08,0.08,0.08,0.08,0.08,0.08,0.08
MAMA,0.08,0.08,0.08,0.08,0.08,0.08,0.08
MAMA,0.08,0.08,0.08,0.08,0.08,0.08,0.08
MAMA,0.08,0.08,0.08,0.08,0.08,0.08,0.08
MAMA,0.08,0.08,0.08,0.08,0.08,0.08,0.08
MAMA,0.08,0.08,0.08,0.08,0.08,0.08,0.08
MAMA,0.08,0.08,0.08,0.08,0.08,0.08,0.08
MAMA,0.08,0.08,0.08,0.08,0.08,0.08,0.08
MAMA,0.08,0.08,0.08,0.08,0.08,0.08,0.08
MAMA,0.08,0.08,0.08,0.08,0.08,0.08,0.08
MAMA,0.08,0.08,0.08,0.08,0.08,0.08,0.08
MAMA,0.08,0.08,0.08,0.08,0.08,0.08,0.08
MAMA,0.08,0.08,0.08,0.08,0.08,0.08,0.08
MAMA,0.08,0.08,0.08,0.08,0.08,0.08,0.08
MAMA,0.08,0.08,0.08,0.08,0.08,0.08,0.08
MAMA,0.08,0.08,0.08,0.08,0.08,0.08,0.08
MAMA,0.08,0.08,0.08,0.08,0.08,0.08,0.08
MAMA,0.08,0.08,0.08,0.08,0.08,0.08,0.08
MAMA,0.08,0.08,0.08,0.08,0.08,0.08,0.08
MAMA,0.08,0.08,0.08,0.08,0.08,0.08,0.08
MAMA,0.08,0.08,0.08,0.08,0.08,0.08,0.08
MAMA,0.08,0.08,0.08,0.08,0.08,0.08,0.08
MAMA,0.08,0.08,0.08,0.08,0.08,0.08,0.08
MAMA,0.08,0.08,0.08,0.08,0.08,0.08,0.08
MAMA,0.08,0.08,0.08,0.08,0.08,0.08,0.08
MAMA,0.08,0.08,0.08,0.08,0.08,0.08,0.08
MAMA,0.08,0.08,0.08,0.08,0.08,0.08,0.08
MAMA,0.08,0.08,0.08,0.08,0.08,0.08,0.08
MAMA,0.08,0.08,0.08,0.08,0.08,0.08,0.08
MAMA,0.08,0.08,0.08,0.08,0.08,0.08,0.08
MAMA,0.08,0.08,0.08,0.08,0.08,0.08,0.08
MAMA,0.08,0.08,0.08,0.08,0.08,0.08,0.08
MAMA,0.08,0.08,0.08,0.08,0.08,0.08,0.08
MAMA,0.08,0.08,0.08,0.08,0.08,0.08,0.08
MAMA,0.08,0.08,0.08,0.08,0.08,0.08,0.08
MAMA,0.08,0.08,0.08,0.08,0.08,0.08,0.08
MAMA,0.08,0.08,0.08,0.08,0.08,0.08,0.08
MAMA,0.08,0.08,0.08,0.08,0.08,0.08,0.08
MAMA,0.08,0.08,0.08,0.08,0.08,0.08,0.08
MAMA,0.08,0.08,0.08,0.08,0.08,0.08,0.08
MAMA,0.08,0.08,0.08,0.08,0.08,0.08,0.08
MAMA,0.08,0.08,0.08,0.08,0.08,0.08,0.08
MAMA,0.08,0.08,0.08,0.08,0.08,0.08,0.08
MAMA,0.08,0.08,0.08,0.08,0.08,0.08,0.08
MAMA,0.08,0.08,0.08,0.08,0.08,0.08,0.08
MAMA,0.08,0.08,0.08,0.08,0.08,0.08,0.08
MAMA,0.08,0.08,0.08,0.08,0.08,0.08,0.08
MARA,1.12,1.12,1.12,1.12,1.12,1.12,1.12
MDB,3.73,3.73,3.73,3.73,3.73,3.73,3.73
MDT,5.63,5.63,5.63,5.62,5.62,5.62,5.62
MELI,44.02,44.02,44.02,44.02,44.02,43.87,43.71
META,28.16,28.16,28.17,28.18,28.18,28.18,28.18
MGM,2.51,2.51,2.52,2.52,2.52,2.52,2.52
MKC,3.04,3.04,3.04,3.03,3.03,3.03,3.03
MLKN,1.83,1.83,1.83,1.83,1.83,1.83,1.83
MMC,9.56,9.56,9.56,9.56,9.55,9.54,9.54
MNDY,3.95,3.95,3.95,3.95,3.95,3.95,3.95
MNY,-0.02,-0.02,-0.02,-0.02,-0.02,-0.02,-0.02
MO,5.44,5.44,5.44,5.44,5.44,5.44,5.44
MOD,4.68,4.68,4.68,4.68,4.68,4.68,4.68
MOMO,5.11,5.11,5.11,5.11,5.11,5.11,5.11
MOV,1.44,1.44,1.44,1.44,1.44,1.44,1.44
MPAA,1.49,1.49,1.49,1.49,1.49,1.49,1.49
MRVL,2.8,2.8,2.8,2.8,2.8,2.8,2.8
MRX,3.79,3.79,3.79,3.78,3.78,3.78,3.8
MS,8.96,8.97,8.97,8.99,8.99,9.0,9.01
MSFT,15.51,15.5,15.5,15.5,15.5,15.5,15.5
MSM,3.68,3.68,3.68,3.68,3.68,3.68,3.68
MTB,16.46,16.46,16.46,16.46,16.47,16.47,16.46
MU,16.47,16.47,16.59,16.63,16.63,16.63,16.63
MVST,0.19,0.19,0.19,0.19,0.19,0.19,0.19
NCNO,0.79,0.79,0.79,0.79,0.79,0.79,0.79
NEE,3.68,3.68,3.68,3.68,3.68,3.68,3.68
NEM,5.65,5.65,5.67,5.67,5.71,5.71,5.76
NEOG,0.25,0.25,0.25,0.25,0.25,0.35,0.35
NET,0.86,0.86,0.86,0.86,0.86,0.86,0.86
NFLX,26.3,26.3,26.42,26.41,26.41,26.41,26.41
NG,-0.28,-0.28,-0.28,-0.28,-0.28,-0.28,-0.28
NIO,-7.47,-7.47,-7.47,-7.47,-7.47,-7.47,-7.47
NKE,1.69,1.69,1.69,1.69,1.69,1.68,1.68
NLY,2.9,2.91,2.91,2.91,2.9,2.9,2.89
NOK,0.3,0.3,0.3,0.3,0.3,0.3,0.3
NOW,16.89,16.89,16.89,16.89,16.89,16.89,16.89
NRG,8.0,8.0,8.0,8.0,8.0,7.77,7.78
NTAP,7.75,7.75,7.75,7.75,7.75,7.75,7.76
NTIC,0.14,0.14,0.14,0.14,0.14,0.14,0.14
NTNX,1.89,1.89,1.89,1.89,1.89,1.89,1.89
NU,0.61,0.61,0.56,0.56,0.56,0.56,0.56
NUE,7.59,7.59,7.59,7.61,7.61,7.61,7.61
NVDA,4.5,4.5,4.5,4.5,4.5,4.5,4.5
NVO,23.74,23.74,23.74,23.74,23.74,23.74,23.74
NXPI,11.8,11.8,11.8,11.8,11.8,11.8,11.8
NXT,4.19,4.19,4.19,4.19,4.19,4.19,4.19
O,1.4,1.4,1.4,1.4,1.4,1.4,1.4
OESX,-0.4,-0.4,-0.4,-0.4,-0.4,-0.4,-0.4
OKLO,-0.57,-0.57,-0.5,-0.5,-0.5,-0.5,-0.5
OKTA,3.37,3.37,3.37,3.37,3.37,3.37,3.37
OLLI,3.85,3.85,3.85,3.85,3.85,3.85,3.85
ON,2.29,2.29,2.29,2.29,2.29,2.29,2.29
OPRA,1.18,1.18,1.18,1.18,1.18,1.18,1.18
ORCL,6.8,6.8,6.8,6.8,6.8,6.8,6.79
ORLY,2.94,2.94,2.94,2.94,2.94,2.94,2.94
OXLC,5.3,5.3,5.3,5.3,5.3,5.3,5.3
OXM,2.87,2.87,2.87,2.87,2.87,2.87,2.87
OZK,6.34,6.34,6.34,6.34,6.34,6.34,6.34
PANW,3.8,3.8,3.8,3.8,3.8,3.8,3.8
PATH,0.66,0.66,0.66,0.66,0.66,0.66,0.66
PAYX,5.48,5.48,5.48,5.48,5.48,5.48,5.48
PBR,2.95,2.95,2.95,2.95,2.95,2.95,2.95
PDD,69.48,69.48,69.48,69.48,69.48,69.48,69.48
PETS,-0.24,-0.24,-0.24,-0.24,-0.24,-0.24,-0.24
PETS,-0.24,-0.24,-0.24,-0.24,-0.24,-0.24,-0.24
PETS,-0.24,-0.24,-0.24,-0.24,-0.24,-0.24,-0.24
PETS,-0.24,-0.24,-0.24,-0.24,-0.24,-0.24,-0.24
PETS,-0.24,-0.24,-0.24,-0.24,-0.24,-0.24,-0.24
PETS,-0.24,-0.24,-0.24,-0.24,-0.24,-0.24,-0.24
PETS,-0.24,-0.24,-0.24,-0.24,-0.24,-0.24,-0.24
PETS,-0.24,-0.24,-0.24,-0.24,-0.24,-0.24,-0.24
PETS,-0.24,-0.24,-0.24,-0.24,-0.24,-0.24,-0.24
PETS,-0.24,-0.24,-0.24,-0.24,-0.24,-0.24,-0.24
PETS,-0.24,-0.24,-0.24,-0.24,-0.24,-0.24,-0.24
PETS,-0.24,-0.24,-0.24,-0.24,-0.24,-0.24,-0.24
PETS,-0.24,-0.24,-0.24,-0.24,-0.24,-0.24,-0.24
PETS,-0.24,-0.24,-0.24,-0.24,-0.24,-0.24,-0.24
PETS,-0.24,-0.24,-0.24,-0.24,-0.24,-0.24,-0.24
PETS,-0.24,-0.24,-0.24,-0.24,-0.24,-0.24,-0.24
PETS,-0.24,-0.24,-0.24,-0.24,-0.24,-0.24,-0.24
PETS,-0.24,-0.24,-0.24,-0.24,-0.24,-0.24,-0.24
PETS,-0.24,-0.24,-0.24,-0.24,-0.24,-0.24,-0.24
PETS,-0.24,-0.24,-0.24,-0.24,-0.24,-0.24,-0.24
PETS,-0.24,-0.24,-0.24,-0.24,-0.24,-0.24,-0.24
PETS,-0.24,-0.24,-0.24,-0.24,-0.24,-0.24,-0.24
PETS,-0.24,-0.24,-0.24,-0.24,-0.24,-0.24,-0.24
PETS,-0.24,-0.24,-0.24,-0.24,-0.24,-0.24,-0.24
PETS,-0.24,-0.24,-0.24,-0.24,-0.24,-0.24,-0.24
PETS,-0.24,-0.24,-0.24,-0.24,-0.24,-0.24,-0.24
PETS,-0.24,-0.24,-0.24,-0.24,-0.24,-0.24,-0.24
PETS,-0.24,-0.24,-0.24,-0.24,-0.24,-0.24,-0.24
PETS,-0.24,-0.24,-0.24,-0.24,-0.24,-0.24,-0.24
PETS,-0.24,-0.24,-0.24,-0.24,-0.24,-0.24,-0.24
PETS,-0.24,-0.24,-0.24,-0.24,-0.24,-0.24,-0.24
PETS,-0.24,-0.24,-0.24,-0.24,-0.24,-0.24,-0.24
PETS,-0.24,-0.24,-0.24,-0.24,-0.24,-0.24,-0.24
PETS,-0.24,-0.24,-0.24,-0.24,-0.24,-0.24,-0.24
PETS,-0.24,-0.24,-0.24,-0.24,-0.24,-0.24,-0.24
PETS,-0.24,-0.24,-0.24,-0.24,-0.24,-0.24,-0.24
PETS,-0.24,-0.24,-0.24,-0.24,-0.24,-0.24,-0.24
PETS,-0.24,-0.24,-0.24,-0.24,-0.24,-0.24,-0.24
PETS,-0.24,-0.24,-0.24,-0.24,-0.24,-0.24,-0.24
PETS,-0.24,-0.24,-0.24,-0.24,-0.24,-0.24,-0.24
PETS,-0.24,-0.24,-0.24,-0.24,-0.24,-0.24,-0.24
PETS,-0.24,-0.24,-0.24,-0.24,-0.24,-0.24,-0.24
PETS,-0.24,-0.24,-0.24,-0.24,-0.24,-0.24,-0.24
PETS,-0.24,-0.24,-0.24,-0.24,-0.24,-0.24,-0.24
PETS,-0.24,-0.24,-0.24,-0.24,-0.24,-0.24,-0.24
PETS,-0.24,-0.24,-0.24,-0.24,-0.24,-0.24,-0.24
PETS,-0.24,-0.24,-0.24,-0.24,-0.24,-0.24,-0.24
PETS,-0.24,-0.24,-0.24,-0.24,-0.24,-0.24,-0.24
PETS,-0.24,-0.24,-0.24,-0.24,-0.24,-0.24,-0.24
PETS,-0.24,-0.24,-0.24,-0.24,-0.24,-0.24,-0.24
PETS,-0.24,-0.24,-0.24,-0.24,-0.24,-0.24,-0.24
PETS,-0.24,-0.24,-0.24,-0.24,-0.24,-0.24,-0.24
PETS,-0.24,-0.24,-0.24,-0.24,-0.24,-0.24,-0.24
PETS,-0.24,-0.24,-0.24,-0.24,-0.24,-0.24,-0.24
PETS,-0.24,-0.24,-0.24,-0.24,-0.24,-0.24,-0.24
PETS,-0.24,-0.24,-0.24,-0.24,-0.24,-0.24,-0.24
PETS,-0.24,-0.24,-0.24,-0.24,-0.24,-0.24,-0.24
PETS,-0.24,-0.24,-0.24,-0.24,-0.24,-0.24,-0.24
PETS,-0.24,-0.24,-0.24,-0.24,-0.24,-0.24,-0.24
PETS,-0.24,-0.24,-0.24,-0.24,-0.24,-0.24,-0.24
PETS,-0.24,-0.24,-0.24,-0.24,-0.24,-0.24,-0.24
PETS,-0.24,-0.24,-0.24,-0.24,-0.24,-0.24,-0.24
PETS,-0.24,-0.24,-0.24,-0.24,-0.24,-0.24,-0.24
PETS,-0.24,-0.24,-0.24,-0.24,-0.24,-0.24,-0.24
PETS,-0.24,-0.24,-0.24,-0.24,-0.24,-0.24,-0.24
PETS,-0.24,-0.24,-0.24,-0.24,-0.24,-0.24,-0.24
PETS,-0.24,-0.24,-0.24,-0.24,-0.24,-0.24,-0.24
PETS,-0.24,-0.24,-0.24,-0.24,-0.24,-0.24,-0.24
PETS,-0.24,-0.24,-0.24,-0.24,-0.24,-0.24,-0.24
PETS,-0.24,-0.24,-0.24,-0.24,-0.24,-0.24,-0.24
PETS,-0.24,-0.24,-0.24,-0.24,-0.24,-0.24,-0.24
PETS,-0.24,-0.24,-0.24,-0.24,-0.24,-0.24,-0.24
PETS,-0.24,-0.24,-0.24,-0.24,-0.24,-0.24,-0.24
PETS,-0.24,-0.24,-0.24,-0.24,-0.24,-0.24,-0.24
PETS,-0.24,-0.24,-0.24,-0.24,-0.24,-0.24,-0.24
PETS,-0.24,-0.24,-0.24,-0.24,-0.24,-0.24,-0.24
PETS,-0.24,-0.24,-0.24,-0.24,-0.24,-0.24,-0.24
PETS,-0.24,-0.24,-0.24,-0.24,-0.24,-0.24,-0.24
PETS,-0.24,-0.24,-0.24,-0.24,-0.24,-0.24,-0.24
PETS,-0.24,-0.24,-0.24,-0.24,-0.24,-0.24,-0.24
PETS,-0.24,-0.24,-0.24,-0.24,-0.24,-0.24,-0.24
PETS,-0.24,-0.24,-0.24,-0.24,-0.24,-0.24,-0.24
PETS,-0.24,-0.24,-0.24,-0.24,-0.24,-0.24,-0.24
PETS,-0.24,-0.24,-0.24,-0.24,-0.24,-0.24,-0.24
PETS,-0.24,-0.24,-0.24,-0.24,-0.24,-0.24,-0.24
PETS,-0.24,-0.24,-0.24,-0.24,-0.24,-0.24,-0.24
PETS,-0.24,-0.24,-0.24,-0.24,-0.24,-0.24,-0.24
PETS,-0.24,-0.24,-0.24,-0.24,-0.24,-0.24,-0.24
PETS,-0.24,-0.24,-0.24,-0.24,-0.24,-0.24,-0.24
PETS,-0.24,-0.24,-0.24,-0.24,-0.24,-0.24,-0.24
PETS,-0.24,-0.24,-0.24,-0.24,-0.24,-0.24,-0.24
PETS,-0.24,-0.24,-0.24,-0.24,-0.24,-0.24,-0.24
PETS,-0.24,-0.24,-0.24,-0.24,-0.24,-0.24,-0.24
PETS,-0.24,-0.24,-0.24,-0.24,-0.24,-0.24,-0.24
PETS,-0.24,-0.24,-0.24,-0.24,-0.24,-0.24,-0.24
PETS,-0.24,-0.24,-0.24,-0.24,-0.24,-0.24,-0.24
PETS,-0.24,-0.24,-0.24,-0.24,-0.24,-0.24,-0.24
PETS,-0.24,-0.24,-0.24,-0.24,-0.24,-0.24,-0.24
PETS,-0.24,-0.24,-0.24,-0.24,-0.24,-0.24,-0.24
PETS,-0.24,-0.24,-0.24,-0.24,-0.24,-0.24,-0.24
PETS,-0.24,-0.24,-0.24,-0.24,-0.24,-0.24,-0.24
PETS,-0.24,-0.24,-0.24,-0.24,-0.24,-0.24,-0.24
PETS,-0.24,-0.24,-0.24,-0.24,-0.24,-0.24,-0.24
PETS,-0.24,-0.24,-0.24,-0.24,-0.24,-0.24,-0.24
PETS,-0.24,-0.24,-0.24,-0.24,-0.24,-0.24,-0.24
PETS,-0.24,-0.24,-0.24,-0.24,-0.24,-0.24,-0.24
PETS,-0.24,-0.24,-0.24,-0.24,-0.24,-0.24,-0.24
PETS,-0.24,-0.24,-0.24,-0.24,-0.24,-0.24,-0.24
PETS,-0.24,-0.24,-0.24,-0.24,-0.24,-0.24,-0.24
PETS,-0.24,-0.24,-0.24,-0.24,-0.24,-0.24,-0.24
PETS,-0.24,-0.24,-0.24,-0.24,-0.24,-0.24,-0.24
PETS,-0.24,-0.24,-0.24,-0.24,-0.24,-0.24,-0.24
PETS,-0.24,-0.24,-0.24,-0.24,-0.24,-0.24,-0.24
PETS,-0.24,-0.24,-0.24,-0.24,-0.24,-0.24,-0.24
PETS,-0.24,-0.24,-0.24,-0.24,-0.24,-0.24,-0.24
PETS,-0.24,-0.24,-0.24,-0.24,-0.24,-0.24,-0.24
PETS,-0.24,-0.24,-0.24,-0.24,-0.24,-0.24,-0.24
PETS,-0.24,-0.24,-0.24,-0.24,-0.24,-0.24,-0.24
PETS,-0.24,-0.24,-0.24,-0.24,-0.24,-0.24,-0.24
PETS,-0.24,-0.24,-0.24,-0.24,-0.24,-0.24,-0.24
PETS,-0.24,-0.24,-0.24,-0.24,-0.24,-0.24,-0.24
PETS,-0.24,-0.24,-0.24,-0.24,-0.24,-0.24,-0.24
PETS,-0.24,-0.24,-0.24,-0.24,-0.24,-0.24,-0.24
PETS,-0.24,-0.24,-0.24,-0.24,-0.24,-0.24,-0.24
PETS,-0.24,-0.24,-0.24,-0.24,-0.24,-0.24,-0.24
PETS,-0.24,-0.24,-0.24,-0.24,-0.24,-0.24,-0.24
PETS,-0.24,-0.24,-0.24,-0.24,-0.24,-0.24,-0.24
PETS,-0.24,-0.24,-0.24,-0.24,-0.24,-0.24,-0.24
PFE,3.08,3.08,3.08,3.08,3.08,3.07,3.06
PGR,18.4,18.4,18.4,18.47,18.58,18.67,18.67
PHR,1.01,1.01,1.01,1.01,1.01,1.01,1.01
PL,-0.12,-0.12,-0.12,-0.12,-0.12,-0.12,-0.12
PLAY,0.66,0.66,0.66,0.66,0.66,0.66,0.66
PLAY,0.66,0.66,0.66,0.66,0.66,0.66,0.66
PLAY,0.66,0.66,0.66,0.66,0.66,0.66,0.66
PLAY,0.66,0.66,0.66,0.66,0.66,0.66,0.66
PLAY,0.66,0.66,0.66,0.66,0.66,0.66,0.66
PLAY,0.66,0.66,0.66,0.66,0.66,0.66,0.66
PLAY,0.66,0.66,0.66,0.66,0.66,0.66,0.66
PLAY,0.66,0.66,0.66,0.66,0.66,0.66,0.66
PLAY,0.66,0.66,0.66,0.66,0.66,0.66,0.66
PLAY,0.66,0.66,0.66,0.66,0.66,0.66,0.66
PLAY,0.66,0.66,0.66,0.66,0.66,0.66,0.66
PLAY,0.66,0.66,0.66,0.66,0.66,0.66,0.66
PLAY,0.66,0.66,0.66,0.66,0.66,0.66,0.66
PLAY,0.66,0.66,0.66,0.66,0.66,0.66,0.66
PLAY,0.66,0.66,0.66,0.66,0.66,0.66,0.66
PLAY,0.66,0.66,0.66,0.66,0.66,0.66,0.66
PLAY,0.66,0.66,0.66,0.66,0.66,0.66,0.66
PLAY,0.66,0.66,0.66,0.66,0.66,0.66,0.66
PLAY,0.66,0.66,0.66,0.66,0.66,0.66,0.66
PLAY,0.66,0.66,0.66,0.66,0.66,0.66,0.66
PLAY,0.66,0.66,0.66,0.66,0.66,0.66,0.66
PLAY,0.66,0.66,0.66,0.66,0.66,0.66,0.66
PLAY,0.66,0.66,0.66,0.66,0.66,0.66,0.66
PLAY,0.66,0.66,0.66,0.66,0.66,0.66,0.66
PLAY,0.66,0.66,0.66,0.66,0.66,0.66,0.66
PLAY,0.66,0.66,0.66,0.66,0.66,0.66,0.66
PLAY,0.66,0.66,0.66,0.66,0.66,0.66,0.66
PLAY,0.66,0.66,0.66,0.66,0.66,0.66,0.66
PLAY,0.66,0.66,0.66,0.66,0.66,0.66,0.66
PLAY,0.66,0.66,0.66,0.66,0.66,0.66,0.66
PLAY,0.66,0.66,0.66,0.66,0.66,0.66,0.66
PLAY,0.66,0.66,0.66,0.66,0.66,0.66,0.66
PLAY,0.66,0.66,0.66,0.66,0.66,0.66,0.66
PLAY,0.66,0.66,0.66,0.66,0.66,0.66,0.66
PLAY,0.66,0.66,0.66,0.66,0.66,0.66,0.66
PLAY,0.66,0.66,0.66,0.66,0.66,0.66,0.66
PLAY,0.66,0.66,0.66,0.66,0.66,0.66,0.66
PLAY,0.66,0.66,0.66,0.66,0.66,0.66,0.66
PLAY,0.66,0.66,0.66,0.66,0.66,0.66,0.66
PLAY,0.66,0.66,0.66,0.66,0.66,0.66,0.66
PLAY,0.66,0.66,0.66,0.66,0.66,0.66,0.66
PLAY,0.66,0.66,0.66,0.66,0.66,0.66,0.66
PLAY,0.66,0.66,0.66,0.66,0.66,0.66,0.66
PLAY,0.66,0.66,0.66,0.66,0.66,0.66,0.66
PLAY,0.66,0.66,0.66,0.66,0.66,0.66,0.66
PLAY,0.66,0.66,0.66,0.66,0.66,0.66,0.66
PLAY,0.66,0.66,0.66,0.66,0.66,0.66,0.66
PLAY,0.66,0.66,0.66,0.66,0.66,0.66,0.66
PLAY,0.66,0.66,0.66,0.66,0.66,0.66,0.66
PLAY,0.66,0.66,0.66,0.66,0.66,0.66,0.66
PLAY,0.66,0.66,0.66,0.66,0.66,0.66,0.66
PLAY,0.66,0.66,0.66,0.66,0.66,0.66,0.66
PLAY,0.66,0.66,0.66,0.66,0.66,0.66,0.66
PLAY,0.66,0.66,0.66,0.66,0.66,0.66,0.66
PLAY,0.66,0.66,0.66,0.66,0.66,0.66,0.66
PLAY,0.66,0.66,0.66,0.66,0.66,0.66,0.66
PLAY,0.66,0.66,0.66,0.66,0.66,0.66,0.66
PLAY,0.66,0.66,0.66,0.66,0.66,0.66,0.66
PLAY,0.66,0.66,0.66,0.66,0.66,0.66,0.66
PLAY,0.66,0.66,0.66,0.66,0.66,0.66,0.66
PLAY,0.66,0.66,0.66,0.66,0.66,0.66,0.66
PLAY,0.66,0.66,0.66,0.66,0.66,0.66,0.66
PLAY,0.66,0.66,0.66,0.66,0.66,0.66,0.66
PLAY,0.66,0.66,0.66,0.66,0.66,0.66,0.66
PLAY,0.66,0.66,0.66,0.66,0.66,0.66,0.66
PLAY,0.66,0.66,0.66,0.66,0.66,0.66,0.66
PLAY,0.66,0.66,0.66,0.66,0.66,0.66,0.66
PLAY,0.66,0.66,0.66,0.66,0.66,0.66,0.66
PLAY,0.66,0.66,0.66,0.66,0.66,0.66,0.66
PLAY,0.66,0.66,0.66,0.66,0.66,0.66,0.66
PLAY,0.66,0.66,0.66,0.66,0.66,0.66,0.66
PLAY,0.66,0.66,0.66,0.66,0.66,0.66,0.66
PLAY,0.66,0.66,0.66,0.66,0.66,0.66,0.66
PLAY,0.66,0.66,0.66,0.66,0.66,0.66,0.66
PLAY,0.66,0.66,0.66,0.66,0.66,0.66,0.66
PLAY,0.66,0.66,0.66,0.66,0.66,0.66,0.66
PLAY,0.66,0.66,0.66,0.66,0.66,0.66,0.66
PLAY,0.66,0.66,0.66,0.66,0.66,0.66,0.66
PLAY,0.66,0.66,0.66,0.66,0.66,0.66,0.66
PLAY,0.66,0.66,0.66,0.66,0.66,0.66,0.66
PLAY,0.66,0.66,0.66,0.66,0.66,0.66,0.66
PLAY,0.66,0.66,0.66,0.66,0.66,0.66,0.66
PLAY,0.66,0.66,0.66,0.66,0.66,0.66,0.66
PLAY,0.66,0.66,0.66,0.66,0.66,0.66,0.66
PLAY,0.66,0.66,0.66,0.66,0.66,0.66,0.66
PLAY,0.66,0.66,0.66,0.66,0.66,0.66,0.66
PLAY,0.66,0.66,0.66,0.66,0.66,0.66,0.66
PLAY,0.66,0.66,0.66,0.66,0.66,0.66,0.66
PLAY,0.66,0.66,0.66,0.66,0.66,0.66,0.66
PLAY,0.66,0.66,0.66,0.66,0.66,0.66,0.66
PLAY,0.66,0.66,0.66,0.66,0.66,0.66,0.66
PLAY,0.66,0.66,0.66,0.66,0.66,0.66,0.66
PLAY,0.66,0.66,0.66,0.66,0.66,0.66,0.66
PLAY,0.66,0.66,0.66,0.66,0.66,0.66,0.66
PLAY,0.66,0.66,0.66,0.66,0.66,0.66,0.66
PLAY,0.66,0.66,0.66,0.66,0.66,0.66,0.66
PLAY,0.66,0.66,0.66,0.66,0.66,0.66,0.66
PLAY,0.66,0.66,0.66,0.66,0.66,0.66,0.66
PLAY,0.66,0.66,0.66,0.66,0.66,0.66,0.66
PLAY,0.66,0.66,0.66,0.66,0.66,0.66,0.66
PLAY,0.66,0.66,0.66,0.66,0.66,0.66,0.66
PLAY,0.66,0.66,0.66,0.66,0.66,0.66,0.66
PLAY,0.66,0.66,0.66,0.66,0.66,0.66,0.66
PLAY,0.66,0.66,0.66,0.66,0.66,0.66,0.66
PLAY,0.66,0.66,0.66,0.66,0.66,0.66,0.66
PLAY,0.66,0.66,0.66,0.66,0.66,0.66,0.66
PLAY,0.66,0.66,0.66,0.66,0.66,0.66,0.66
PLAY,0.66,0.66,0.66,0.66,0.66,0.66,0.66
PLAY,0.66,0.66,0.66,0.66,0.66,0.66,0.66
PLAY,0.66,0.66,0.66,0.66,0.66,0.66,0.66
PLAY,0.66,0.66,0.66,0.66,0.66,0.66,0.66
PLAY,0.66,0.66,0.66,0.66,0.66,0.66,0.66
PLAY,0.66,0.66,0.66,0.66,0.66,0.66,0.66
PLAY,0.66,0.66,0.66,0.66,0.66,0.66,0.66
PLAY,0.66,0.66,0.66,0.66,0.66,0.66,0.66
PLAY,0.66,0.66,0.66,0.66,0.66,0.66,0.66
PLAY,0.66,0.66,0.66,0.66,0.66,0.66,0.66
PLAY,0.66,0.66,0.66,0.66,0.66,0.66,0.66
PLAY,0.66,0.66,0.66,0.66,0.66,0.66,0.66
PLAY,0.66,0.66,0.66,0.66,0.66,0.66,0.66
PLAY,0.66,0.66,0.66,0.66,0.66,0.66,0.66
PLAY,0.66,0.66,0.66,0.66,0.66,0.66,0.66
PLAY,0.66,0.66,0.66,0.66,0.66,0.66,0.66
PLAY,0.66,0.66,0.66,0.66,0.66,0.66,0.66
PLAY,0.66,0.66,0.66,0.66,0.66,0.66,0.66
PLAY,0.66,0.66,0.66,0.66,0.66,0.66,0.66
PLAY,0.66,0.66,0.66,0.66,0.66,0.66,0.66
PLAY,0.66,0.66,0.66,0.66,0.66,0.66,0.66
PLD,2.74,2.74,2.74,2.74,2.74,2.74,2.74
PLTR,0.64,0.64,0.64,0.64,0.64,0.64,0.64
PLUG,-0.62,-0.62,-0.62,-0.62,-0.62,-0.62,-0.62
PNC,15.57,15.57,15.57,15.57,15.58,15.57,15.57
PNNT,0.74,0.74,0.74,0.74,0.74,0.74,0.74
PONY,-0.56,-0.56,-0.56,-0.54,-0.54,-0.54,-0.58
PRGS,5.49,5.49,5.49,5.49,5.49,5.49,5.53
PSMT,4.88,4.88,4.87,4.87,4.87,4.87,4.87
PSTG,1.94,1.94,1.94,1.94,1.94,1.94,1.95
PTON,0.04,0.04,0.04,0.04,0.04,0.04,0.04
PVH,10.89,10.89,10.89,10.89,10.89,10.89,10.89
PYPL,5.25,5.25,5.25,5.25,5.25,5.25,5.25
QBTS,-0.23,-0.23,-0.23,-0.23,-0.23,-0.23,-0.23
QCOM,11.89,11.89,11.89,11.89,11.89,11.89,11.89
QFIN,51.85,51.85,51.85,51.85,51.85,51.85,51.85
QMCO,-1.93,-1.93,-1.93,-1.93,-1.93,-1.93,-1.93
RBLX,-1.68,-1.68,-1.68,-1.66,-1.66,-1.65,-1.65
RBRK,-0.49,-0.49,-0.49,-0.49,-0.49,-0.49,-0.49
RCL,15.67,15.67,15.67,15.67,15.67,15.67,15.68
RDDT,1.88,1.88,1.88,1.88,1.88,1.88,1.88
RELL,0.13,0.13,0.13,0.13,0.13,0.13,0.2
REVG,2.65,2.65,2.65,2.65,2.65,2.65,2.65
REXR,1.29,1.29,1.29,1.29,1.29,1.29,1.29
RF,2.31,2.31,2.31,2.31,2.3,2.31,2.31
RFIL,0.29,0.29,0.29,0.29,0.29,0.29,0.29
RGTI,-0.18,-0.18,-0.18,-0.18,-0.18,-0.18,-0.18
RH,8.94,8.94,8.94,8.94,8.94,8.94,8.94
RIG,0.01,0.01,0.01,0.01,0.01,0.01,0.01
RIOT,-0.76,-0.76,-0.76,-0.76,-0.76,-0.76,-0.76
RIVN,-3.23,-3.23,-3.22,-3.22,-3.23,-3.23,-3.23
RMTI,-0.17,-0.17,-0.17,-0.17,-0.17,-0.17,-0.17
RNW,23.1,23.1,23.1,23.1,23.1,23.1,23.1
ROP,20.0,20.0,20.0,20.0,20.0,20.0,20.0
ROST,6.21,6.21,6.21,6.21,6.21,6.2,6.2
RPM,5.68,5.68,5.68,5.68,5.67,5.67,5.67
RTX,5.96,5.95,5.95,5.95,5.95,5.95,5.95
S,-1.17,-1.17,-1.17,-1.17,-1.17,-1.17,-1.17
SAIC,9.57,9.57,9.55,9.55,9.55,9.53,9.53
SAIL,0.21,0.21,0.21,0.21,0.21,0.21,0.21
SAP,7.04,7.04,7.04,7.04,7.04,7.04,7.04
SBUX,2.17,2.17,2.17,2.17,2.17,2.17,2.17
SCHW,4.65,4.65,4.65,4.65,4.66,4.65,4.67
SCS,1.13,1.13,1.13,1.13,1.13,1.13,1.13
SCVL,1.84,1.84,1.84,1.84,1.84,1.84,1.84
SDRL,0.22,0.22,0.22,0.22,0.2,0.2,0.2
SE,3.89,3.89,3.89,3.89,3.89,3.89,3.89
SFIX,-0.28,-0.28,-0.28,-0.28,-0.28,-0.28,-0.28
SHOP,1.44,1.44,1.44,1.44,1.44,1.45,1.45
SIG,9.14,9.14,9.14,9.14,9.14,9.14,9.14
SIRI,2.73,2.73,2.73,2.73,2.73,2.73,2.73
SJM,9.07,9.07,9.07,9.07,9.07,9.07,9.07
SKIL,3.48,3.48,3.48,3.48,3.48,3.48,3.48
SKY,3.53,3.53,3.53,3.53,3.53,3.53,3.53
SLB,2.9,2.89,2.87,2.87,2.87,2.87,2.87
SLG,-0.97,-0.97,-0.97,-0.97,-0.97,-0.97,-0.97
SMCI,2.58,2.58,2.58,2.58,2.58,2.58,2.58
SMPL,1.95,1.95,1.95,1.95,1.95,1.95,1.95
SMR,-0.49,-0.49,-0.49,-0.49,-0.49,-0.49,-0.49
SMTC,1.65,1.65,1.65,1.65,1.65,1.65,1.65
SNAP,0.26,0.26,-0.41,-0.41,-0.41,-0.41,-0.41
SNOW,1.19,1.19,1.19,1.19,1.19,1.19,1.19
SNPS,12.83,12.83,12.83,12.83,12.83,12.83,12.83
SNX,13.01,13.01,13.09,13.09,13.09,13.09,13.09
SOFI,0.32,0.32,0.32,0.32,0.32,0.32,0.32
SOUN,-0.13,-0.13,-0.13,-0.13,-0.13,-0.13,-0.13
SPCE,-6.08,-6.08,-6.08,-6.08,-6.08,-6.08,-6.08
SPOT,6.05,6.05,6.05,6.05,6.06,6.06,5.85
SPRY,-1.7,-1.7,-1.7,-1.7,-1.7,-1.7,-1.69
SQM,2.19,2.19,2.16,2.15,2.15,2.15,2.15
SRAD,0.36,0.36,0.36,0.36,0.36,0.36,0.38
STZ,11.44,11.44,11.45,11.49,11.49,11.5,11.51
STZ,11.44,11.44,11.45,11.49,11.49,11.5,11.51
STZ,11.44,11.44,11.45,11.49,11.49,11.5,11.51
STZ,11.44,11.44,11.45,11.49,11.49,11.5,11.51
STZ,11.44,11.44,11.45,11.49,11.49,11.5,11.51
STZ,11.44,11.44,11.45,11.49,11.49,11.5,11.51
STZ,11.44,11.44,11.45,11.49,11.49,11.5,11.51
STZ,11.44,11.44,11.45,11.49,11.49,11.5,11.51
STZ,11.44,11.44,11.45,11.49,11.49,11.5,11.51
STZ,11.44,11.44,11.45,11.49,11.49,11.5,11.51
STZ,11.44,11.44,11.45,11.49,11.49,11.5,11.51
STZ,11.44,11.44,11.45,11.49,11.49,11.5,11.51
STZ,11.44,11.44,11.45,11.49,11.49,11.5,11.51
STZ,11.44,11.44,11.45,11.49,11.49,11.5,11.51
STZ,11.44,11.44,11.45,11.49,11.49,11.5,11.51
STZ,11.44,11.44,11.45,11.49,11.49,11.5,11.51
STZ,11.44,11.44,11.45,11.49,11.49,11.5,11.51
STZ,11.44,11.44,11.45,11.49,11.49,11.5,11.51
STZ,11.44,11.44,11.45,11.49,11.49,11.5,11.51
STZ,11.44,11.44,11.45,11.49,11.49,11.5,11.51
STZ,11.44,11.44,11.45,11.49,11.49,11.5,11.51
STZ,11.44,11.44,11.45,11.49,11.49,11.5,11.51
STZ,11.44,11.44,11.45,11.49,11.49,11.5,11.51
STZ,11.44,11.44,11.45,11.49,11.49,11.5,11.51
STZ,11.44,11.44,11.45,11.49,11.49,11.5,11.51
STZ,11.44,11.44,11.45,11.49,11.49,11.5,11.51
STZ,11.44,11.44,11.45,11.49,11.49,11.5,11.51
STZ,11.44,11.44,11.45,11.49,11.49,11.5,11.51
STZ,11.44,11.44,11.45,11.49,11.49,11.5,11.51
STZ,11.44,11.44,11.45,11.49,11.49,11.5,11.51
STZ,11.44,11.44,11.45,11.49,11.49,11.5,11.51
STZ,11.44,11.44,11.45,11.49,11.49,11.5,11.51
STZ,11.44,11.44,11.45,11.49,11.49,11.5,11.51
STZ,11.44,11.44,11.45,11.49,11.49,11.5,11.51
STZ,11.44,11.44,11.45,11.49,11.49,11.5,11.51
STZ,11.44,11.44,11.45,11.49,11.49,11.5,11.51
STZ,11.44,11.44,11.45,11.49,11.49,11.5,11.51
STZ,11.44,11.44,11.45,11.49,11.49,11.5,11.51
STZ,11.44,11.44,11.45,11.49,11.49,11.5,11.51
STZ,11.44,11.44,11.45,11.49,11.49,11.5,11.51
STZ,11.44,11.44,11.45,11.49,11.49,11.5,11.51
STZ,11.44,11.44,11.45,11.49,11.49,11.5,11.51
STZ,11.44,11.44,11.45,11.49,11.49,11.5,11.51
STZ,11.44,11.44,11.45,11.49,11.49,11.5,11.51
STZ,11.44,11.44,11.45,11.49,11.49,11.5,11.51
STZ,11.44,11.44,11.45,11.49,11.49,11.5,11.51
STZ,11.44,11.44,11.45,11.49,11.49,11.5,11.51
STZ,11.44,11.44,11.45,11.49,11.49,11.5,11.51
STZ,11.44,11.44,11.45,11.49,11.49,11.5,11.51
STZ,11.44,11.44,11.45,11.49,11.49,11.5,11.51
STZ,11.44,11.44,11.45,11.49,11.49,11.5,11.51
STZ,11.44,11.44,11.45,11.49,11.49,11.5,11.51
STZ,11.44,11.44,11.45,11.49,11.49,11.5,11.51
STZ,11.44,11.44,11.45,11.49,11.49,11.5,11.51
STZ,11.44,11.44,11.45,11.49,11.49,11.5,11.51
STZ,11.44,11.44,11.45,11.49,11.49,11.5,11.51
STZ,11.44,11.44,11.45,11.49,11.49,11.5,11.51
STZ,11.44,11.44,11.45,11.49,11.49,11.5,11.51
STZ,11.44,11.44,11.45,11.49,11.49,11.5,11.51
STZ,11.44,11.44,11.45,11.49,11.49,11.5,11.51
STZ,11.44,11.44,11.45,11.49,11.49,11.5,11.51
STZ,11.44,11.44,11.45,11.49,11.49,11.5,11.51
STZ,11.44,11.44,11.45,11.49,11.49,11.5,11.51
STZ,11.44,11.44,11.45,11.49,11.49,11.5,11.51
STZ,11.44,11.44,11.45,11.49,11.49,11.5,11.51
STZ,11.44,11.44,11.45,11.49,11.49,11.5,11.51
STZ,11.44,11.44,11.45,11.49,11.49,11.5,11.51
STZ,11.44,11.44,11.45,11.49,11.49,11.5,11.51
STZ,11.44,11.44,11.45,11.49,11.49,11.5,11.51
STZ,11.44,11.44,11.45,11.49,11.49,11.5,11.51
STZ,11.44,11.44,11.45,11.49,11.49,11.5,11.51
STZ,11.44,11.44,11.45,11.49,11.49,11.5,11.51
STZ,11.44,11.44,11.45,11.49,11.49,11.5,11.51
STZ,11.44,11.44,11.45,11.49,11.49,11.5,11.51
STZ,11.44,11.44,11.45,11.49,11.49,11.5,11.51
STZ,11.44,11.44,11.45,11.49,11.49,11.5,11.51
STZ,11.44,11.44,11.45,11.49,11.49,11.5,11.51
STZ,11.44,11.44,11.45,11.49,11.49,11.5,11.51
STZ,11.44,11.44,11.45,11.49,11.49,11.5,11.51
STZ,11.44,11.44,11.45,11.49,11.49,11.5,11.51
STZ,11.44,11.44,11.45,11.49,11.49,11.5,11.51
STZ,11.44,11.44,11.45,11.49,11.49,11.5,11.51
STZ,11.44,11.44,11.45,11.49,11.49,11.5,11.51
STZ,11.44,11.44,11.45,11.49,11.49,11.5,11.51
STZ,11.44,11.44,11.45,11.49,11.49,11.5,11.51
STZ,11.44,11.44,11.45,11.49,11.49,11.5,11.51
STZ,11.44,11.44,11.45,11.49,11.49,11.5,11.51
STZ,11.44,11.44,11.45,11.49,11.49,11.5,11.51
STZ,11.44,11.44,11.45,11.49,11.49,11.5,11.51
STZ,11.44,11.44,11.45,11.49,11.49,11.5,11.51
STZ,11.44,11.44,11.45,11.49,11.49,11.5,11.51
STZ,11.44,11.44,11.45,11.49,11.49,11.5,11.51
STZ,11.44,11.44,11.45,11.49,11.49,11.5,11.51
STZ,11.44,11.44,11.45,11.49,11.49,11.5,11.51
STZ,11.44,11.44,11.45,11.49,11.49,11.5,11.51
STZ,11.44,11.44,11.45,11.49,11.49,11.5,11.51
STZ,11.44,11.44,11.45,11.49,11.49,11.5,11.51
STZ,11.44,11.44,11.45,11.49,11.49,11.5,11.51
STZ,11.44,11.44,11.45,11.49,11.49,11.5,11.51
STZ,11.44,11.44,11.45,11.49,11.49,11.5,11.51
STZ,11.44,11.44,11.45,11.49,11.49,11.5,11.51
STZ,11.44,11.44,11.45,11.49,11.49,11.5,11.51
STZ,11.44,11.44,11.45,11.49,11.49,11.5,11.51
STZ,11.44,11.44,11.45,11.49,11.49,11.5,11.51
STZ,11.44,11.44,11.45,11.49,11.49,11.5,11.51
STZ,11.44,11.44,11.45,11.49,11.49,11.5,11.51
STZ,11.44,11.44,11.45,11.49,11.49,11.5,11.51
STZ,11.44,11.44,11.45,11.49,11.49,11.5,11.51
STZ,11.44,11.44,11.45,11.49,11.49,11.5,11.51
STZ,11.44,11.44,11.45,11.49,11.49,11.5,11.51
STZ,11.44,11.44,11.45,11.49,11.49,11.5,11.51
STZ,11.44,11.44,11.45,11.49,11.49,11.5,11.51
STZ,11.44,11.44,11.45,11.49,11.49,11.5,11.51
STZ,11.44,11.44,11.45,11.49,11.49,11.5,11.51
STZ,11.44,11.44,11.45,11.49,11.49,11.5,11.51
STZ,11.44,11.44,11.45,11.49,11.49,11.5,11.51
STZ,11.44,11.44,11.45,11.49,11.49,11.5,11.51
STZ,11.44,11.44,11.45,11.49,11.49,11.5,11.51
STZ,11.44,11.44,11.45,11.49,11.49,11.5,11.51
STZ,11.44,11.44,11.45,11.49,11.49,11.5,11.51
STZ,11.44,11.44,11.45,11.49,11.49,11.5,11.51
STZ,11.44,11.44,11.45,11.49,11.49,11.5,11.51
STZ,11.44,11.44,11.45,11.49,11.49,11.5,11.51
STZ,11.44,11.44,11.45,11.49,11.49,11.5,11.51
STZ,11.44,11.44,11.45,11.49,11.49,11.5,11.51
STZ,11.44,11.44,11.45,11.49,11.49,11.5,11.51
STZ,11.44,11.44,11.45,11.49,11.49,11.5,11.51
STZ,11.44,11.44,11.45,11.49,11.49,11.5,11.51
SUPV,1.32,1.32,1.32,1.32,1.32,1.32,1.32
SURG,-0.74,-0.74,-0.74,-0.74,-0.74,-0.74,-0.74
SVM,0.46,0.46,0.49,0.49,0.49,0.49,0.5
SWBI,0.17,0.17,0.17,0.17,0.17,0.17,0.17
T,2.06,2.06,2.06,2.06,2.06,2.06,2.06
TBBB,-14.21,-14.21,-14.21,-14.21,-14.21,-14.21,-14.21
TCBI,6.15,6.15,6.15,6.16,6.17,6.17,6.17
TCOM,26.1,26.1,26.1,26.1,26.1,26.1,26.1
TD,8.2,8.2,8.2,8.2,8.2,8.2,8.2
TEAM,4.22,4.22,4.22,4.22,4.22,4.22,4.22
TEM,-0.73,-0.73,-0.73,-0.73,-0.73,-0.73,-0.73
TEN,3.33,3.33,3.33,3.33,3.33,3.33,3.33
TER,3.13,3.13,3.13,3.13,3.13,3.13,3.13
TFC,3.89,3.89,3.89,3.89,3.89,3.9,3.9
TGT,7.34,7.34,7.34,7.34,7.34,7.34,7.34
TGTX,0.75,0.73,0.73,0.73,0.73,0.73,0.73
THTX,-0.24,-0.24,-0.24,-0.24,-0.24,-0.24,-0.24
TJX,4.6,4.6,4.6,4.6,4.6,4.6,4.6
TLRY,0.04,0.04,0.04,0.04,0.04,-0.03,-0.02
TMC,-0.38,-0.38,-0.38,-0.38,-0.38,-0.38,-0.38
TMUS,10.46,10.44,10.44,10.43,10.4,10.4,10.4
TOL,13.83,13.83,13.83,13.83,13.78,13.78,13.78
TRNS,2.26,2.26,2.26,2.26,2.26,2.26,2.26
TRV,22.21,22.32,22.4,22.41,22.66,22.69,22.69
TSLA,1.7,1.7,1.71,1.71,1.71,1.72,1.71
TSM,9.85,9.85,9.85,9.85,9.85,9.85,9.85
TTAN,0.83,0.83,0.83,0.83,0.83,0.83,0.83
TTC,4.18,4.18,4.18,4.18,4.18,4.18,4.18
TTD,1.78,1.78,1.78,1.78,1.78,1.78,1.78
TTWO,-2.05,-2.06,-2.06,-2.06,-2.07,-2.08,-2.05
TUYA,0.12,0.12,0.12,0.12,0.12,0.12,0.12
TXN,5.59,5.59,5.59,5.59,5.59,5.59,5.59
UAL,10.33,10.32,10.32,10.29,10.31,10.28,10.28
UBER,2.91,2.91,2.91,2.91,2.91,2.91,2.91
UHAL,0.41,0.41,0.41,0.41,0.41,0.41,0.41
ULTA,24.46,24.46,24.46,24.46,24.46,24.46,24.46
UNF,8.08,8.08,8.08,8.08,8.08,8.08,8.08
UNFI,1.91,1.91,1.91,1.91,2.0,2.0,2.0
UNH,16.24,16.24,16.23,16.24,16.24,16.24,16.23
UPS,6.51,6.51,6.51,6.51,6.51,6.51,6.5
UPST,1.65,1.65,1.65,1.65,1.65,1.65,1.65
URBN,5.22,5.22,5.22,5.22,5.22,5.22,5.22
USB,4.39,4.39,4.39,4.39,4.39,4.4,4.4
V,11.44,11.44,11.44,11.44,11.44,11.44,11.44
VALE,1.76,1.76,1.77,1.76,1.76,1.81,1.81
VEEV,7.8,7.8,7.8,7.8,7.8,7.8,7.81
VFC,0.74,0.74,0.74,0.74,0.74,0.74,0.74
VIK,2.47,2.47,2.47,2.47,2.47,2.48,2.48
VMC,8.42,8.42,8.42,8.43,8.42,8.42,8.42
VNCE,0.01,0.01,0.01,0.01,0.01,0.01,0.01
VRA,-0.48,-0.48,-0.48,-0.48,-0.48,-0.48,-0.48
VRNT,2.94,2.94,2.94,2.94,2.94,2.94,2.94
VRT,3.83,3.83,3.83,3.83,3.83,3.83,3.83
VSCO,2.05,2.05,2.06,2.06,2.06,2.06,2.06
VST,5.39,5.39,5.39,5.39,5.39,5.39,5.39
VTGN,-1.48,-1.48,-1.48,-1.48,-1.48,-1.48,-1.48
VZ,4.69,4.69,4.69,4.69,4.69,4.69,4.69
WBA,1.71,1.71,1.71,1.71,1.71,1.71,1.71
WBA,1.71,1.71,1.71,1.71,1.71,1.71,1.71
WBA,1.71,1.71,1.71,1.71,1.71,1.71,1.71
WBA,1.71,1.71,1.71,1.71,1.71,1.71,1.71
WBA,1.71,1.71,1.71,1.71,1.71,1.71,1.71
WBA,1.71,1.71,1.71,1.71,1.71,1.71,1.71
WBA,1.71,1.71,1.71,1.71,1.71,1.71,1.71
WBA,1.71,1.71,1.71,1.71,1.71,1.71,1.71
WBA,1.71,1.71,1.71,1.71,1.71,1.71,1.71
WBA,1.71,1.71,1.71,1.71,1.71,1.71,1.71
WBA,1.71,1.71,1.71,1.71,1.71,1.71,1.71
WBA,1.71,1.71,1.71,1.71,1.71,1.71,1.71
WBA,1.71,1.71,1.71,1.71,1.71,1.71,1.71
WBA,1.71,1.71,1.71,1.71,1.71,1.71,1.71
WBA,1.71,1.71,1.71,1.71,1.71,1.71,1.71
WBA,1.71,1.71,1.71,1.71,1.71,1.71,1.71
WBA,1.71,1.71,1.71,1.71,1.71,1.71,1.71
WBA,1.71,1.71,1.71,1.71,1.71,1.71,1.71
WBA,1.71,1.71,1.71,1.71,1.71,1.71,1.71
WBA,1.71,1.71,1.71,1.71,1.71,1.71,1.71
WBA,1.71,1.71,1.71,1.71,1.71,1.71,1.71
WBA,1.71,1.71,1.71,1.71,1.71,1.71,1.71
WBA,1.71,1.71,1.71,1.71,1.71,1.71,1.71
WBA,1.71,1.71,1.71,1.71,1.71,1.71,1.71
WBA,1.71,1.71,1.71,1.71,1.71,1.71,1.71
WBA,1.71,1.71,1.71,1.71,1.71,1.71,1.71
WBA,1.71,1.71,1.71,1.71,1.71,1.71,1.71
WBA,1.71,1.71,1.71,1.71,1.71,1.71,1.71
WBA,1.71,1.71,1.71,1.71,1.71,1.71,1.71
WBA,1.71,1.71,1.71,1.71,1.71,1.71,1.71
WBA,1.71,1.71,1.71,1.71,1.71,1.71,1.71
WBA,1.71,1.71,1.71,1.71,1.71,1.71,1.71
WBA,1.71,1.71,1.71,1.71,1.71,1.71,1.71
WBA,1.71,1.71,1.71,1.71,1.71,1.71,1.71
WBA,1.71,1.71,1.71,1.71,1.71,1.71,1.71
WBA,1.71,1.71,1.71,1.71,1.71,1.71,1.71
WBA,1.71,1.71,1.71,1.71,1.71,1.71,1.71
WBA,1.71,1.71,1.71,1.71,1.71,1.71,1.71
WBA,1.71,1.71,1.71,1.71,1.71,1.71,1.71
WBA,1.71,1.71,1.71,1.71,1.71,1.71,1.71
WBA,1.71,1.71,1.71,1.71,1.71,1.71,1.71
WBA,1.71,1.71,1.71,1.71,1.71,1.71,1.71
WBA,1.71,1.71,1.71,1.71,1.71,1.71,1.71
WBA,1.71,1.71,1.71,1.71,1.71,1.71,1.71
WBA,1.71,1.71,1.71,1.71,1.71,1.71,1.71
WBA,1.71,1.71,1.71,1.71,1.71,1.71,1.71
WBA,1.71,1.71,1.71,1.71,1.71,1.71,1.71
WBA,1.71,1.71,1.71,1.71,1.71,1.71,1.71
WBA,1.71,1.71,1.71,1.71,1.71,1.71,1.71
WBA,1.71,1.71,1.71,1.71,1.71,1.71,1.71
WBA,1.71,1.71,1.71,1.71,1.71,1.71,1.71
WBA,1.71,1.71,1.71,1.71,1.71,1.71,1.71
WBA,1.71,1.71,1.71,1.71,1.71,1.71,1.71
WBA,1.71,1.71,1.71,1.71,1.71,1.71,1.71
WBA,1.71,1.71,1.71,1.71,1.71,1.71,1.71
WBA,1.71,1.71,1.71,1.71,1.71,1.71,1.71
WBA,1.71,1.71,1.71,1.71,1.71,1.71,1.71
WBA,1.71,1.71,1.71,1.71,1.71,1.71,1.71
WBA,1.71,1.71,1.71,1.71,1.71,1.71,1.71
WBA,1.71,1.71,1.71,1.71,1.71,1.71,1.71
WBA,1.71,1.71,1.71,1.71,1.71,1.71,1.71
WBA,1.71,1.71,1.71,1.71,1.71,1.71,1.71
WBA,1.71,1.71,1.71,1.71,1.71,1.71,1.71
WBA,1.71,1.71,1.71,1.71,1.71,1.71,1.71
WBA,1.71,1.71,1.71,1.71,1.71,1.71,1.71
WBA,1.71,1.71,1.71,1.71,1.71,1.71,1.71
WBA,1.71,1.71,1.71,1.71,1.71,1.71,1.71
WBA,1.71,1.71,1.71,1.71,1.71,1.71,1.71
WBA,1.71,1.71,1.71,1.71,1.71,1.71,1.71
WBA,1.71,1.71,1.71,1.71,1.71,1.71,1.71
WBA,1.71,1.71,1.71,1.71,1.71,1.71,1.71
WBA,1.71,1.71,1.71,1.71,1.71,1.71,1.71
WBA,1.71,1.71,1.71,1.71,1.71,1.71,1.71
WBA,1.71,1.71,1.71,1.71,1.71,1.71,1.71
WBA,1.71,1.71,1.71,1.71,1.71,1.71,1.71
WBA,1.71,1.71,1.71,1.71,1.71,1.71,1.71
WBA,1.71,1.71,1.71,1.71,1.71,1.71,1.71
WBA,1.71,1.71,1.71,1.71,1.71,1.71,1.71
WBA,1.71,1.71,1.71,1.71,1.71,1.71,1.71
WBA,1.71,1.71,1.71,1.71,1.71,1.71,1.71
WBA,1.71,1.71,1.71,1.71,1.71,1.71,1.71
WBA,1.71,1.71,1.71,1.71,1.71,1.71,1.71
WBA,1.71,1.71,1.71,1.71,1.71,1.71,1.71
WBA,1.71,1.71,1.71,1.71,1.71,1.71,1.71
WBA,1.71,1.71,1.71,1.71,1.71,1.71,1.71
WBA,1.71,1.71,1.71,1.71,1.71,1.71,1.71
WBA,1.71,1.71,1.71,1.71,1.71,1.71,1.71
WBA,1.71,1.71,1.71,1.71,1.71,1.71,1.71
WBA,1.71,1.71,1.71,1.71,1.71,1.71,1.71
WBA,1.71,1.71,1.71,1.71,1.71,1.71,1.71
WBA,1.71,1.71,1.71,1.71,1.71,1.71,1.71
WBA,1.71,1.71,1.71,1.71,1.71,1.71,1.71
WBA,1.71,1.71,1.71,1.71,1.71,1.71,1.71
WBA,1.71,1.71,1.71,1.71,1.71,1.71,1.71
WBA,1.71,1.71,1.71,1.71,1.71,1.71,1.71
WBA,1.71,1.71,1.71,1.71,1.71,1.71,1.71
WBA,1.71,1.71,1.71,1.71,1.71,1.71,1.71
WBA,1.71,1.71,1.71,1.71,1.71,1.71,1.71
WBA,1.71,1.71,1.71,1.71,1.71,1.71,1.71
WBA,1.71,1.71,1.71,1.71,1.71,1.71,1.71
WBA,1.71,1.71,1.71,1.71,1.71,1.71,1.71
WBA,1.71,1.71,1.71,1.71,1.71,1.71,1.71
WBA,1.71,1.71,1.71,1.71,1.71,1.71,1.71
WBA,1.71,1.71,1.71,1.71,1.71,1.71,1.71
WBA,1.71,1.71,1.71,1.71,1.71,1.71,1.71
WBA,1.71,1.71,1.71,1.71,1.71,1.71,1.71
WBA,1.71,1.71,1.71,1.71,1.71,1.71,1.71
WBA,1.71,1.71,1.71,1.71,1.71,1.71,1.71
WBA,1.71,1.71,1.71,1.71,1.71,1.71,1.71
WBA,1.71,1.71,1.71,1.71,1.71,1.71,1.71
WBA,1.71,1.71,1.71,1.71,1.71,1.71,1.71
WBA,1.71,1.71,1.71,1.71,1.71,1.71,1.71
WBA,1.71,1.71,1.71,1.71,1.71,1.71,1.71
WBA,1.71,1.71,1.71,1.71,1.71,1.71,1.71
WBA,1.71,1.71,1.71,1.71,1.71,1.71,1.71
WBA,1.71,1.71,1.71,1.71,1.71,1.71,1.71
WBA,1.71,1.71,1.71,1.71,1.71,1.71,1.71
WBA,1.71,1.71,1.71,1.71,1.71,1.71,1.71
WBA,1.71,1.71,1.71,1.71,1.71,1.71,1.71
WBA,1.71,1.71,1.71,1.71,1.71,1.71,1.71
WBA,1.71,1.71,1.71,1.71,1.71,1.71,1.71
WBA,1.71,1.71,1.71,1.71,1.71,1.71,1.71
WBA,1.71,1.71,1.71,1.71,1.71,1.71,1.71
WBA,1.71,1.71,1.71,1.71,1.71,1.71,1.71
WBA,1.71,1.71,1.71,1.71,1.71,1.71,1.71
WBA,1.71,1.71,1.71,1.71,1.71,1.71,1.71
WBA,1.71,1.71,1.71,1.71,1.71,1.71,1.71
WBA,1.71,1.71,1.71,1.71,1.71,1.71,1.71
WDAY,8.9,8.9,8.9,8.9,8.9,8.9,8.9
WDFC,5.52,5.52,5.52,5.52,5.52,5.52,5.52
WFC,6.08,6.08,6.05,6.05,6.05,6.06,6.06
WGO,1.5,1.5,1.5,1.5,1.5,1.5,1.5
WIX,6.84,6.84,6.84,6.84,6.84,6.84,6.84
WLY,4.0,4.0,4.0,4.0,4.0,4.0,4.0
WM,7.57,7.57,7.57,7.57,7.57,7.56,7.56
WMT,2.61,2.61,2.61,2.61,2.61,2.61,2.61
WOOF,0.13,0.13,0.13,0.13,0.13,0.13,0.13
WOR,3.57,3.57,3.57,3.57,3.57,3.57,3.57
WRB,4.27,4.27,4.29,4.29,4.3,4.31,4.31
WS,2.66,2.66,2.66,2.66,2.66,2.66,2.66
WULF,-0.34,-0.34,-0.34,-0.34,-0.34,-0.34,-0.34
WYNN,4.77,4.77,4.78,4.78,4.78,4.78,4.78
XAIR,-2.25,-2.25,-2.25,-2.25,-2.25,-2.25,-2.25
XOM,6.67,6.67,6.66,6.71,6.71,6.71,6.71
XP,9.58,9.58,9.59,9.59,9.59,9.59,9.59
XPEV,-0.82,-0.82,-0.82,-0.82,-0.82,-0.82,-0.82
YMM,4.62,4.62,4.62,4.62,4.62,4.62,4.62
ZENV,-0.11,-0.11,-0.11,-0.11,-0.11,-0.11,-0.11
ZIM,3.37,3.37,3.37,3.37,3.37,3.37,3.37
ZK,-2.84,-2.84,-2.84,-2.84,-2.84,-2.84,-2.84
ZM,5.87,5.87,5.87,5.87,5.87,5.87,5.87
ZS,3.68,3.68,3.68,3.68,3.68,3.68,3.68
ZUMZ,0.43,0.43,0.43,0.43,0.43,0.43,0.43
